Species,Month,Year,Date,Jday,Tag,FL,STL,PCL,Wgt,Sex,Umb.Scar,Clasp.length,Clasp.calc,Gonad.stage,Run.sperm,MOD,Yolky.ova,Uter.stage,Maturity.Stage,Maternity.Stage,Emb,EmbTL,Embryo,Male.Emb,Female.Emb,Vertebrae,PCL.Vert,AgeAgree,Source
SSS,12,2008,19/11/2008,324,R0114,87,1090,NA,NA,f,n,NA,NA,NA,NA,NA,NA,NA,NA,NA,NA,NA,FALSE,NA,NA,FALSE,NA,NA,
SSS,9,2008,13/08/2008,226,315081,86.4,1100,789,7.9,f,n,NA,NA,NA,NA,NA,NA,5,1,1,2,NA,FALSE,2,0,FALSE,NA,4.75,
SSS,12,2008,18/11/2008,323,315146,90.9,1162,NA,8,f,n,NA,NA,NA,NA,5,0,5,1,1,2,438,FALSE,2,0,TRUE,NA,5,
SSS,12,2008,18/11/2008,323,315136,91.9,1155,NA,10.2,f,n,NA,NA,NA,NA,3,0,5,1,1,4,441.5,FALSE,4,1,TRUE,NA,6,
SSS,12,2008,18/11/2008,323,315142,95.6,1207,NA,10.9,f,n,NA,NA,NA,NA,4,0,5,1,1,4,438.5,FALSE,2,2,TRUE,NA,9,
SSS,9,2008,13/08/2008,226,317062,86,1120,NA,NA,f,NA,NA,NA,NA,NA,NA,NA,NA,NA,NA,NA,NA,FALSE,NA,NA,TRUE,NA,4.75,
SSS,12,2008,18/11/2008,323,315144,93.1,1162,NA,NA,f,n,NA,NA,NA,NA,NA,0,5,1,1,3,449.7,FALSE,1,2,TRUE,NA,7,
SSS,9,2008,13/08/2008,226,317064,83,1060,NA,NA,m,NA,87,y,2,NA,NA,NA,NA,1,NA,NA,NA,FALSE,NA,NA,TRUE,NA,6.75,
SSS,12,2008,18/11/2008,323,315147,94,1200,855,NA,f,NA,NA,NA,NA,NA,NA,NA,5,1,1,3,427.6,FALSE,NA,NA,TRUE,NA,6,
SSS,12,2008,18/11/2008,323,315143,98.8,1261,NA,11.1,f,n,NA,NA,NA,NA,7,0,5,1,1,4,457.25,FALSE,NA,NA,TRUE,NA,9,
SSS,12,2008,18/11/2008,323,315135,96.8,1243,NA,NA,f,n,NA,NA,NA,NA,7,0,5,1,1,4,458,FALSE,1,3,TRUE,NA,6,
SSS,9,2008,13/08/2008,226,317058,83.5,1050,NA,NA,m,n,110,y,3,n,NA,NA,NA,1,NA,NA,NA,FALSE,NA,NA,TRUE,NA,4.75,
SSS,12,2008,19/11/2008,324,R0115,85,1100,NA,NA,f,n,NA,NA,NA,NA,NA,NA,NA,NA,NA,NA,NA,FALSE,NA,NA,FALSE,NA,NA,
SSS,2,2008,NA,NA,U26,NA,NA,NA,NA,m,NA,NA,NA,NA,y,NA,NA,NA,NA,NA,NA,NA,FALSE,NA,NA,FALSE,NA,NA,
SSS,12,2008,18/11/2008,323,315133,101.5,1245,920,13.75,f,n,NA,NA,NA,NA,9,0,5,1,1,4,443.5,FALSE,3,1,TRUE,NA,NA,
SSS,12,2008,13/11/2008,318,296701,91,1130,NA,NA,m,NA,85,y,NA,NA,NA,NA,NA,1,NA,NA,NA,FALSE,NA,NA,TRUE,NA,NA,
SSS,12,2008,13/11/2008,318,296705,88,1030,NA,NA,f,NA,NA,NA,NA,NA,NA,NA,NA,NA,NA,NA,NA,FALSE,NA,NA,TRUE,NA,3,
SSS,4,2008,NA,NA,R0008,73,945,NA,NA,m,n,NA,n,NA,NA,NA,NA,NA,0,NA,NA,NA,FALSE,NA,NA,FALSE,NA,NA,
SSS,5,2008,8/04/2008,99,215952,83.6,1055,760,NA,m,n,73,y,NA,NA,NA,NA,NA,1,NA,NA,NA,FALSE,NA,NA,TRUE,NA,4.417,
SSS,5,2008,NA,NA,215954,67.5,871,610,NA,m,n,50,n,NA,NA,NA,NA,NA,0,NA,NA,NA,FALSE,NA,NA,TRUE,NA,NA,
SSS,5,2008,8/04/2008,99,215956,77,990,700,NA,m,n,85,y,2,NA,NA,NA,NA,1,NA,NA,NA,FALSE,NA,NA,TRUE,NA,2.417,
SSS,5,2008,8/04/2008,99,215957,80.3,1017,735,NA,f,n,NA,NA,NA,NA,NA,NA,NA,NA,NA,NA,NA,FALSE,NA,NA,TRUE,NA,3.417,
SSS,5,2008,NA,NA,215958,81,1025,745,NA,m,n,83,y,2,NA,NA,NA,NA,1,NA,NA,NA,FALSE,NA,NA,TRUE,NA,3.417,
SSS,5,2008,8/04/2008,99,215959,NA,1040,730,NA,m,n,80,y,NA,NA,NA,NA,NA,1,NA,NA,NA,FALSE,NA,NA,TRUE,NA,3.417,
SSS,5,2008,8/04/2008,99,215961,92.5,1156,840,NA,f,n,NA,NA,NA,NA,NA,NA,3,1,0,NA,NA,FALSE,NA,NA,TRUE,NA,4.417,
SSS,5,2008,NA,NA,215963,81.5,1031,743,NA,m,n,75,y,NA,NA,NA,NA,NA,1,NA,NA,NA,FALSE,NA,NA,TRUE,NA,NA,
SSS,12,2008,13/11/2008,318,296702,85,1100,790,NA,m,NA,80,y,NA,NA,NA,NA,NA,1,NA,NA,NA,FALSE,NA,NA,TRUE,NA,NA,
SSS,9,2008,13/08/2008,226,J0097,100,1250,NA,NA,f,n,NA,NA,NA,NA,NA,NA,NA,NA,NA,NA,NA,FALSE,NA,NA,FALSE,NA,NA,
SSS,9,2008,13/08/2008,226,315080,95,1280,870,10.9,f,n,NA,NA,NA,NA,11,4,5,1,1,4,323.75,FALSE,2,2,TRUE,NA,9.75,
SSS,9,2008,13/08/2008,226,J0037,102,1280,NA,NA,f,NA,NA,NA,NA,NA,NA,NA,NA,NA,NA,NA,NA,FALSE,NA,NA,FALSE,NA,NA,
SSS,9,2008,13/08/2008,226,315079,97.1,1230,883,11.6,f,n,NA,NA,NA,NA,7,NA,5,1,1,4,279.25,FALSE,1,3,TRUE,NA,8.75,
SSS,12,2008,19/11/2008,324,R0113,100,1260,NA,NA,f,n,NA,NA,NA,NA,NA,NA,NA,NA,NA,NA,NA,FALSE,NA,NA,FALSE,NA,NA,
SSS,12,2008,18/11/2008,323,315134,93.2,1179,NA,9.2,f,n,NA,NA,NA,NA,8,0,5,1,1,2,431.5,FALSE,NA,NA,TRUE,NA,6,
SSS,12,2008,18/11/2008,323,315148,95,1196,NA,9.4,f,n,NA,NA,NA,NA,6,0,5,1,1,3,427,FALSE,NA,NA,TRUE,NA,8,
SSS,12,2008,18/11/2008,323,315149,100.4,1244,NA,11.05,f,n,NA,NA,NA,NA,5,0,5,1,1,NA,441,FALSE,1,3,TRUE,NA,7,
SSS,11,2008,7/10/2008,281,317135,56.5,734,NA,NA,m,n,NA,n,NA,NA,NA,NA,NA,0,NA,NA,NA,FALSE,NA,NA,TRUE,NA,0.917,
SSS,11,2008,7/10/2008,281,146512,56,740,NA,NA,f,n,NA,NA,NA,NA,NA,NA,NA,NA,NA,NA,NA,FALSE,NA,NA,TRUE,NA,0.917,
SSS,11,2008,23/10/2008,297,296620,66,860,600,NA,m,NA,30,n,NA,NA,NA,NA,NA,0,NA,NA,NA,FALSE,NA,NA,TRUE,NA,1.917,
SSS,11,2008,8/10/2008,282,317153,69.6,895,NA,NA,f,n,NA,NA,NA,NA,NA,NA,NA,NA,NA,NA,NA,FALSE,NA,NA,TRUE,NA,1.917,
SSS,11,2008,8/10/2008,282,317157,68,876,NA,NA,f,n,NA,NA,NA,NA,NA,NA,NA,NA,NA,NA,NA,FALSE,NA,NA,TRUE,NA,1.917,
SSS,11,2008,8/10/2008,282,317152,77.3,1030,NA,NA,f,n,NA,NA,NA,NA,NA,NA,NA,NA,NA,NA,NA,FALSE,NA,NA,TRUE,NA,2.917,
SSS,11,2008,8/10/2008,282,317151,70,900,NA,NA,m,n,27,n,NA,NA,NA,NA,NA,0,NA,NA,NA,FALSE,NA,NA,TRUE,NA,1.917,
SSS,11,2008,8/10/2008,282,317150,79.3,1015,NA,NA,m,n,76,y,NA,NA,NA,NA,NA,1,NA,NA,NA,FALSE,NA,NA,TRUE,NA,5.917,
SSS,11,2008,23/10/2008,297,296622,73.5,930,675,NA,f,NA,NA,NA,NA,NA,NA,NA,NA,NA,NA,NA,NA,FALSE,NA,NA,TRUE,NA,NA,
SSS,11,2008,15/10/2008,289,296614,78,1020,710,NA,f,NA,NA,NA,NA,NA,7,NA,3,1,0,NA,NA,FALSE,NA,NA,TRUE,NA,2.917,
SSS,11,2008,7/10/2008,281,317143,74.5,950,NA,NA,m,n,NA,NA,NA,NA,NA,NA,NA,NA,NA,NA,NA,FALSE,NA,NA,TRUE,NA,2.917,
SSS,11,2008,7/10/2008,281,317133,67.6,868,NA,NA,m,n,NA,n,NA,NA,NA,NA,NA,0,NA,NA,NA,FALSE,NA,NA,TRUE,NA,1.917,
SSS,11,2008,7/10/2008,281,317132,54,711,NA,NA,f,n,NA,NA,NA,NA,NA,NA,NA,NA,NA,NA,NA,FALSE,NA,NA,TRUE,NA,0.917,
SSS,11,2008,7/10/2008,281,146500,55.4,715,NA,NA,m,n,NA,NA,NA,NA,NA,NA,NA,NA,NA,NA,NA,FALSE,NA,NA,TRUE,NA,0.917,
SSS,11,2008,7/10/2008,281,146507,59.5,775,NA,NA,f,n,NA,NA,NA,NA,NA,NA,NA,NA,NA,NA,NA,FALSE,NA,NA,TRUE,NA,0.917,
SSS,11,2008,23/10/2008,297,296623,81,1040,740,NA,m,NA,90,y,NA,NA,NA,NA,NA,1,NA,NA,NA,FALSE,NA,NA,TRUE,NA,2.917,
SSS,11,2008,23/10/2008,297,296625,82.5,1050,750,NA,m,NA,92,y,NA,NA,NA,NA,NA,1,NA,NA,NA,FALSE,NA,NA,TRUE,NA,2.917,
SSS,11,2008,23/10/2008,297,296627,72.5,900,660,NA,m,NA,18,n,NA,NA,NA,NA,NA,0,NA,NA,NA,FALSE,NA,NA,TRUE,NA,NA,
SSS,11,2008,7/10/2008,281,146511,56.3,738,NA,NA,m,n,NA,NA,NA,NA,NA,NA,NA,NA,NA,NA,NA,FALSE,NA,NA,TRUE,NA,NA,
SSS,11,2008,7/10/2008,281,317146,56.9,751,NA,NA,f,n,NA,NA,NA,NA,NA,NA,1,0,0,NA,NA,FALSE,NA,NA,TRUE,NA,0.917,
SSS,11,2008,8/10/2008,282,317218,70.5,915,NA,NA,m,n,64,n,NA,NA,NA,NA,NA,0,NA,NA,NA,FALSE,NA,NA,TRUE,NA,1.917,
SSS,11,2008,8/10/2008,282,317194,73.6,957,NA,NA,m,n,66,n,NA,NA,NA,NA,NA,0,NA,NA,NA,FALSE,NA,NA,TRUE,NA,2.917,
SSS,11,2008,8/10/2008,282,317193,70.5,930,NA,NA,f,n,NA,NA,NA,NA,NA,NA,NA,NA,NA,NA,NA,FALSE,NA,NA,TRUE,NA,1.917,
SSS,5,2008,8/04/2008,99,215965,67,875,608,NA,m,n,60,p,2,NA,NA,NA,NA,0,NA,NA,NA,FALSE,NA,NA,TRUE,NA,2.417,
SSS,11,2008,8/10/2008,282,317221,76,968,NA,NA,m,n,NA,NA,NA,NA,NA,NA,NA,NA,NA,NA,NA,FALSE,NA,NA,TRUE,NA,2.917,
SSS,11,2008,8/10/2008,282,317178,76.6,910,NA,NA,f,n,NA,NA,NA,NA,NA,NA,NA,NA,NA,NA,NA,FALSE,NA,NA,TRUE,NA,1.917,
SSS,11,2008,8/10/2008,282,317211,72,930,NA,NA,f,n,NA,NA,NA,NA,NA,NA,NA,NA,NA,NA,NA,FALSE,NA,NA,TRUE,NA,2.917,
SSS,11,2008,8/10/2008,282,317215,69.1,898,NA,NA,f,n,NA,NA,NA,NA,NA,NA,NA,NA,NA,NA,NA,FALSE,NA,NA,TRUE,NA,1.917,
SSS,11,2008,23/10/2008,297,296619,71,920,650,NA,f,NA,NA,NA,NA,NA,NA,NA,NA,NA,NA,NA,NA,FALSE,NA,NA,TRUE,NA,1.917,
SSS,11,2008,8/10/2008,282,317217,58.5,766,NA,NA,m,n,15,n,NA,NA,NA,NA,NA,0,NA,NA,NA,FALSE,NA,NA,TRUE,NA,0.917,
SSS,11,2008,7/10/2008,281,317142,58.5,776,NA,NA,f,n,NA,NA,NA,NA,NA,NA,NA,NA,NA,NA,NA,FALSE,NA,NA,TRUE,NA,0.917,
SSS,11,2008,8/10/2008,282,317219,82.4,1041,NA,NA,f,n,NA,NA,NA,NA,NA,NA,NA,NA,NA,NA,NA,FALSE,NA,NA,TRUE,NA,4.917,
SSS,11,2008,8/10/2008,282,317220,76.1,985,NA,NA,m,n,80,y,NA,NA,NA,NA,NA,1,NA,NA,NA,FALSE,NA,NA,TRUE,NA,2.917,
SSS,11,2008,8/10/2008,282,317223,57,749,NA,NA,f,n,NA,NA,NA,NA,NA,NA,NA,NA,NA,NA,NA,FALSE,NA,NA,TRUE,NA,0.917,
SSS,11,2008,8/10/2008,282,317169,71,910,NA,NA,m,n,50,n,NA,NA,NA,NA,NA,0,NA,NA,NA,FALSE,NA,NA,TRUE,NA,1.917,
SSS,11,2008,8/10/2008,282,317225,65,850,NA,NA,m,n,24,n,NA,NA,NA,NA,NA,0,NA,NA,NA,FALSE,NA,NA,TRUE,NA,1.917,
SSS,11,2008,9/10/2008,283,317229,67.8,887,NA,NA,m,n,23,n,NA,NA,NA,NA,NA,0,NA,NA,NA,FALSE,NA,NA,TRUE,NA,1.917,
SSS,11,2008,9/10/2008,283,317230,NA,NA,NA,NA,m,n,NA,n,NA,NA,NA,NA,NA,NA,NA,NA,NA,FALSE,NA,NA,TRUE,NA,0.917,
SSS,11,2008,8/10/2008,282,317216,75,948,NA,NA,m,n,66,n,NA,NA,NA,NA,NA,0,NA,NA,NA,FALSE,NA,NA,TRUE,NA,2.917,
SSS,11,2008,8/10/2008,282,317207,64.1,833,NA,NA,m,n,31,n,NA,NA,NA,NA,NA,0,NA,NA,NA,FALSE,NA,NA,TRUE,NA,1.917,
SSS,11,2008,7/10/2008,281,317141,69.9,882,NA,NA,f,n,NA,NA,NA,NA,NA,NA,NA,NA,NA,NA,NA,FALSE,NA,NA,TRUE,NA,1.917,
SSS,11,2008,1/10/2008,275,R0076,97,1190,NA,NA,f,n,NA,NA,NA,NA,NA,NA,NA,NA,NA,NA,NA,FALSE,NA,NA,FALSE,NA,NA,
SSS,10,2008,30/09/2008,274,R0073,73,940,NA,NA,f,n,NA,NA,NA,NA,NA,NA,NA,NA,NA,NA,NA,FALSE,NA,NA,FALSE,NA,NA,
SSS,11,2008,28/10/2008,302,R0097,81,1083,NA,NA,f,NA,NA,NA,NA,NA,NA,NA,NA,NA,NA,NA,NA,FALSE,NA,NA,FALSE,NA,NA,
SSS,12,2008,18/11/2008,323,R0102,74.3,960,NA,NA,f,n,NA,NA,NA,NA,NA,NA,NA,NA,NA,NA,NA,FALSE,NA,NA,FALSE,NA,NA,
SSS,11,2008,6/10/2008,280,187631,54,720,495,NA,m,NA,20,n,NA,NA,NA,NA,NA,0,NA,NA,NA,FALSE,NA,NA,TRUE,NA,0.917,
SSS,11,2008,6/10/2008,280,187673,59,770,540,NA,f,n,NA,NA,NA,NA,NA,NA,NA,NA,NA,NA,NA,FALSE,NA,NA,TRUE,NA,0.917,
SSS,10,2008,19/09/2008,263,315061,91.9,1170,830,9.95,f,n,NA,NA,NA,NA,7,0,5,1,1,4,324.75,FALSE,3,1,FALSE,NA,5.833,
SSS,10,2008,19/09/2008,263,R0068,99,1220,NA,NA,f,NA,NA,NA,NA,NA,NA,NA,NA,NA,NA,NA,NA,FALSE,NA,NA,FALSE,NA,NA,
SSS,12,2008,18/11/2008,323,R0105,102,1230,NA,NA,f,n,NA,NA,NA,NA,NA,NA,NA,NA,NA,NA,NA,FALSE,NA,NA,FALSE,NA,NA,
SSS,1,2011,2/12/2011,336,R0161,81,1025,730,5.55,m,n,75,y,3,NA,NA,NA,NA,1,NA,NA,NA,FALSE,NA,NA,TRUE,NA,NA,
SSS,2,2012,8/01/2012,8,192202,35.8,478,325,0.467,m,y,7,n,1,NA,NA,NA,NA,0,NA,NA,NA,FALSE,NA,NA,TRUE,NA,0,
SSS,12,2008,18/11/2008,323,R0108,95,1130,NA,NA,f,n,NA,NA,NA,NA,NA,NA,NA,NA,NA,NA,NA,FALSE,NA,NA,FALSE,NA,NA,
SSS,12,2008,18/11/2008,323,R0110,101,1190,NA,NA,f,n,NA,NA,NA,NA,NA,NA,NA,NA,NA,NA,NA,FALSE,NA,NA,FALSE,NA,NA,
SSS,12,2008,18/11/2008,323,R0109,105,1310,NA,NA,f,n,NA,NA,NA,NA,NA,NA,NA,NA,NA,NA,NA,FALSE,NA,NA,FALSE,NA,NA,
SSS,12,2008,18/11/2008,323,R0103,86,1090,NA,NA,f,n,NA,NA,NA,NA,NA,NA,NA,NA,NA,NA,NA,FALSE,NA,NA,FALSE,NA,NA,
SSS,11,2008,6/10/2008,280,146537,57.5,746,NA,NA,f,n,NA,NA,NA,NA,NA,NA,NA,NA,NA,NA,NA,FALSE,NA,NA,TRUE,NA,0.917,
SSS,11,2008,7/10/2008,281,146515,78.1,1120,NA,NA,f,n,NA,NA,NA,NA,NA,NA,NA,NA,NA,NA,NA,FALSE,NA,NA,TRUE,NA,3.917,
SSS,11,2008,7/10/2008,281,146513,57.2,753,NA,NA,f,n,NA,NA,NA,NA,NA,NA,NA,NA,NA,NA,NA,FALSE,NA,NA,TRUE,NA,0.917,
SSS,11,2008,7/10/2008,281,146517,74.5,967,NA,NA,f,n,NA,NA,NA,NA,NA,NA,1,0,0,NA,NA,FALSE,NA,NA,TRUE,NA,NA,
SSS,11,2008,6/10/2008,280,146519,56.7,745,NA,NA,m,n,NA,NA,NA,NA,NA,NA,NA,NA,NA,NA,NA,FALSE,NA,NA,TRUE,NA,0.917,
SSS,11,2008,6/10/2008,280,146518,68,882,NA,NA,m,n,NA,NA,NA,NA,NA,NA,NA,NA,NA,NA,NA,FALSE,NA,NA,TRUE,NA,1.917,
SSS,11,2008,6/10/2008,280,146521,79.6,1009,NA,NA,m,n,NA,y,NA,NA,NA,NA,NA,1,NA,NA,NA,FALSE,NA,NA,TRUE,NA,8.917,
SSS,11,2008,23/10/2008,297,296628,72,930,655,NA,f,NA,NA,NA,NA,NA,NA,NA,NA,NA,NA,NA,NA,FALSE,NA,NA,TRUE,NA,2.917,
SSS,11,2008,23/10/2008,297,296647,90,1145,820,NA,f,NA,NA,NA,NA,NA,9,NA,5,1,1,3,380.3,FALSE,3,0,TRUE,NA,5.917,
SSS,10,2008,17/09/2008,261,146560,79,1010,750,6,m,n,NA,NA,NA,NA,NA,NA,NA,NA,NA,NA,NA,FALSE,NA,NA,TRUE,NA,NA,
SSS,11,2008,23/10/2008,297,296653,79,1010,720,NA,f,NA,NA,NA,NA,NA,NA,NA,NA,NA,NA,NA,NA,FALSE,NA,NA,TRUE,NA,2.917,
SSS,12,2008,19/11/2008,324,R0112,87,1100,NA,NA,m,n,21,n,NA,NA,NA,NA,NA,0,NA,NA,NA,FALSE,NA,NA,FALSE,NA,NA,
SSS,11,2008,6/10/2008,280,146542,58.8,763,NA,NA,m,n,16,n,NA,NA,NA,NA,NA,0,NA,NA,NA,FALSE,NA,NA,TRUE,NA,0.917,
SSS,11,2008,6/10/2008,280,146543,57.5,751,NA,NA,m,n,15,n,NA,NA,NA,NA,NA,0,NA,NA,NA,FALSE,NA,NA,TRUE,NA,0.917,
SSS,11,2008,6/10/2008,280,146545,67.4,871,NA,NA,f,n,NA,NA,NA,NA,NA,NA,NA,NA,NA,NA,NA,FALSE,NA,NA,TRUE,NA,1.917,
SSS,11,2008,6/10/2008,280,146539,61,796,NA,NA,m,n,15,n,NA,NA,NA,NA,NA,0,NA,NA,NA,FALSE,NA,NA,TRUE,NA,0.917,
SSS,11,2008,6/10/2008,280,146538,54.2,708,NA,NA,f,n,NA,NA,NA,NA,NA,NA,1,0,0,NA,NA,FALSE,NA,NA,TRUE,NA,NA,
SSS,11,2008,6/10/2008,280,146540,83.3,1070,NA,NA,f,n,NA,NA,NA,NA,NA,NA,5,1,1,3,377,FALSE,1,2,TRUE,NA,4.917,
SSS,11,2008,6/10/2008,280,146546,75.3,977,NA,NA,f,n,NA,NA,NA,NA,NA,NA,NA,NA,NA,NA,NA,FALSE,NA,NA,TRUE,NA,2.917,
SSS,11,2008,6/10/2008,280,146544,69.5,900,NA,NA,m,n,50,n,NA,NA,NA,NA,NA,0,NA,NA,NA,FALSE,NA,NA,TRUE,NA,1.917,
SSS,11,2008,6/10/2008,280,187674,56,740,500,NA,f,n,NA,NA,NA,NA,NA,NA,NA,NA,NA,NA,NA,FALSE,NA,NA,TRUE,NA,0.917,
SSS,11,2008,23/10/2008,297,296648,78,1010,720,NA,m,NA,85,y,NA,NA,NA,NA,NA,1,NA,NA,NA,FALSE,NA,NA,TRUE,NA,2.917,
SSS,10,2007,22/09/2007,265,150608,71,912,644,NA,m,NA,28,n,NA,NA,NA,NA,NA,0,NA,NA,NA,FALSE,NA,NA,TRUE,NA,1.833,
SSS,10,2007,22/09/2007,265,150610,81.3,1035,736,NA,m,NA,83,y,NA,n,NA,NA,NA,1,NA,NA,NA,FALSE,NA,NA,TRUE,NA,4.833,
SSS,10,2007,26/09/2007,269,150586,64.1,839,580,NA,f,n,NA,NA,NA,NA,NA,NA,NA,NA,NA,NA,NA,FALSE,NA,NA,TRUE,NA,1.833,
SSS,10,2007,26/09/2007,269,150587,67.8,875,614,NA,m,n,27,n,NA,NA,NA,NA,NA,0,NA,NA,NA,FALSE,NA,NA,TRUE,NA,1.833,
SSS,10,2007,22/09/2007,265,150592,69.2,890,620,NA,m,NA,37,n,NA,NA,NA,NA,NA,0,NA,NA,NA,FALSE,NA,NA,TRUE,NA,1.833,
SSS,10,2007,22/09/2007,265,150596,78,987,704,NA,m,NA,80,y,NA,NA,NA,NA,NA,1,NA,NA,NA,FALSE,NA,NA,TRUE,NA,2.833,
SSS,10,2007,22/09/2007,265,150598,87.3,1097,800,NA,m,NA,75,y,NA,n,NA,NA,NA,1,NA,NA,NA,FALSE,NA,NA,TRUE,NA,4.833,
SSS,10,2007,22/09/2007,265,150601,80.4,1064,730,NA,f,NA,NA,NA,NA,NA,NA,NA,NA,NA,NA,NA,NA,FALSE,NA,NA,TRUE,NA,3.833,
SSS,7,2007,22/09/2007,265,242131,84.5,1065,765,NA,m,n,90,y,NA,NA,NA,NA,NA,1,NA,NA,NA,FALSE,NA,NA,TRUE,NA,4.583,
SSS,10,2007,22/09/2007,265,150606,78.2,1003,710,NA,m,NA,72,y,NA,n,NA,NA,NA,1,NA,NA,NA,FALSE,NA,NA,TRUE,NA,3.833,
SSS,6,2008,2/05/2008,123,216156,47.7,615,NA,NA,NA,NA,NA,NA,NA,NA,NA,NA,NA,NA,NA,NA,NA,FALSE,NA,NA,TRUE,NA,0.5,
SSS,10,2007,NA,NA,234600,71.5,913,644,4,m,n,NA,NA,NA,NA,NA,NA,NA,NA,NA,NA,NA,FALSE,NA,NA,TRUE,NA,1.833,
SSS,10,2007,NA,NA,234602,76.8,995,700,5,m,n,NA,NA,NA,NA,NA,NA,NA,NA,NA,NA,NA,FALSE,NA,NA,TRUE,NA,2.833,
SSS,10,2007,NA,NA,234605,71.1,919,649,3.7,m,n,NA,NA,NA,NA,NA,NA,NA,NA,NA,NA,NA,FALSE,NA,NA,TRUE,NA,1.833,
SSS,10,2007,NA,NA,234606,71.6,928,645,4.05,m,n,NA,NA,NA,NA,NA,NA,NA,NA,NA,NA,NA,FALSE,NA,NA,TRUE,NA,1.833,
SSS,10,2007,NA,NA,234607,73.5,945,666,4,f,n,NA,NA,NA,NA,NA,NA,NA,NA,NA,NA,NA,FALSE,NA,NA,TRUE,NA,1.833,
SSS,10,2007,NA,NA,234608,73.5,943,658,4.45,m,n,NA,NA,NA,NA,NA,NA,NA,NA,NA,NA,NA,FALSE,NA,NA,TRUE,NA,2.833,
SSS,10,2007,NA,NA,150600,67,864,609,NA,m,NA,30,n,NA,n,NA,NA,NA,0,NA,NA,NA,FALSE,NA,NA,TRUE,NA,1.833,
SSS,10,2007,22/09/2007,265,150602,78.8,1010,718,NA,m,NA,73,y,NA,n,NA,NA,NA,1,NA,NA,NA,FALSE,NA,NA,TRUE,NA,2.833,
SSS,10,2007,NA,NA,234590,74.6,962,670,5.05,m,n,NA,NA,NA,NA,NA,NA,NA,NA,NA,NA,NA,FALSE,NA,NA,TRUE,NA,2.833,
SSS,10,2007,NA,NA,150603,70.4,905,635,NA,f,NA,NA,NA,NA,NA,NA,NA,NA,NA,NA,NA,NA,FALSE,NA,NA,TRUE,NA,2.833,
SSS,10,2007,NA,NA,150604,81.5,1035,741,NA,m,NA,75,y,NA,n,NA,NA,NA,1,NA,NA,NA,FALSE,NA,NA,TRUE,NA,2.833,
SSS,10,2007,NA,NA,150605,67.2,874,608,NA,f,NA,NA,NA,NA,NA,NA,NA,NA,NA,NA,NA,NA,FALSE,NA,NA,TRUE,NA,1.833,
SSS,10,2007,NA,NA,150607,73.4,923,642,NA,m,NA,69,p,NA,n,NA,NA,NA,0,NA,NA,NA,FALSE,NA,NA,TRUE,NA,1.833,
SSS,10,2007,NA,NA,150628,63,799,565,NA,f,NA,NA,NA,NA,NA,NA,NA,NA,NA,NA,NA,NA,FALSE,NA,NA,TRUE,NA,NA,
SSS,10,2007,NA,NA,150636,NA,773,535,NA,m,NA,14,n,NA,NA,NA,NA,NA,0,NA,NA,NA,FALSE,NA,NA,TRUE,NA,NA,
SSS,10,2007,26/09/2007,269,150584,56,740,506,NA,f,n,NA,NA,NA,NA,NA,NA,1,0,0,NA,NA,FALSE,NA,NA,TRUE,NA,0.833,
SSS,10,2007,NA,NA,234589,73.4,937,661,4.1,m,n,NA,NA,NA,NA,NA,NA,NA,NA,NA,NA,NA,FALSE,NA,NA,TRUE,NA,1.833,
SSS,10,2007,22/09/2007,265,150612,77.1,990,697,NA,m,NA,74,y,NA,n,NA,NA,NA,1,NA,NA,NA,FALSE,NA,NA,TRUE,NA,2.833,
SSS,10,2007,NA,NA,234591,71.9,929,650,NA,m,n,NA,NA,NA,NA,NA,NA,NA,NA,NA,NA,NA,FALSE,NA,NA,TRUE,NA,1.833,
SSS,10,2007,NA,NA,234592,74.9,965,677,5.2,m,n,NA,NA,NA,NA,NA,NA,NA,NA,NA,NA,NA,FALSE,NA,NA,TRUE,NA,2.833,
SSS,10,2007,NA,NA,234594,79.3,1007,714,5.6,f,n,NA,NA,NA,NA,NA,NA,NA,NA,NA,NA,NA,FALSE,NA,NA,TRUE,NA,2.833,
SSS,10,2007,NA,NA,234595,67.1,881,608,3.45,f,n,NA,NA,NA,NA,NA,NA,NA,NA,NA,NA,NA,FALSE,NA,NA,TRUE,NA,1.833,
SSS,10,2007,NA,NA,234596,67.4,875,606,3.35,m,n,NA,NA,NA,NA,NA,NA,NA,NA,NA,NA,NA,FALSE,NA,NA,TRUE,NA,1.833,
SSS,10,2007,NA,NA,234597,74.5,965,671,4.72,f,n,NA,NA,NA,NA,NA,NA,NA,NA,NA,NA,NA,FALSE,NA,NA,TRUE,NA,2.833,
SSS,10,2007,NA,NA,234599,70.5,906,636,3.65,m,n,NA,NA,NA,NA,NA,NA,NA,NA,NA,NA,NA,FALSE,NA,NA,TRUE,NA,1.833,
SSS,10,2007,NA,NA,220521,60,784,545,1.8,m,n,16,n,NA,NA,NA,NA,NA,0,NA,NA,NA,FALSE,NA,NA,TRUE,NA,0.833,
SSS,11,2007,NA,NA,130659,71,900,NA,NA,f,NA,NA,NA,NA,NA,NA,NA,NA,NA,NA,NA,NA,FALSE,NA,NA,TRUE,NA,NA,
SSS,10,2007,NA,NA,234609,73.7,947,664,4.5,m,n,NA,NA,NA,NA,NA,NA,NA,NA,NA,NA,NA,FALSE,NA,NA,TRUE,NA,1.833,
SSS,10,2007,NA,NA,234635,82.9,1065,754,NA,m,n,83,y,NA,n,NA,NA,NA,1,NA,NA,NA,FALSE,NA,NA,TRUE,NA,4.833,
SSS,10,2007,NA,NA,234640,58.5,739,524,NA,m,n,12,n,NA,NA,NA,NA,NA,0,NA,NA,NA,FALSE,NA,NA,TRUE,NA,NA,
SSS,10,2007,NA,NA,234675,73.4,946,661,NA,m,n,72,y,NA,n,NA,NA,NA,1,NA,NA,NA,FALSE,NA,NA,TRUE,NA,2.833,
SSS,10,2007,NA,NA,234684,50.1,654,451,NA,m,NA,21,n,NA,n,NA,NA,NA,0,NA,NA,NA,FALSE,NA,NA,TRUE,NA,0.833,
SSS,10,2007,NA,NA,316005,NA,738,508,NA,f,NA,NA,NA,NA,NA,NA,NA,NA,NA,NA,NA,NA,FALSE,NA,NA,TRUE,NA,0.833,
SSS,10,2007,NA,NA,317005,76.6,970,694,NA,f,n,NA,NA,NA,NA,NA,NA,NA,NA,NA,NA,NA,FALSE,NA,NA,TRUE,NA,2.833,
SSS,10,2007,NA,NA,234625,53,693,475,NA,m,n,18,n,NA,NA,NA,NA,NA,0,NA,NA,NA,FALSE,NA,NA,TRUE,NA,0.833,
SSS,10,2007,NA,NA,317007,71.9,918,650,NA,m,n,NA,NA,NA,NA,NA,NA,NA,NA,NA,NA,NA,FALSE,NA,NA,TRUE,NA,2.833,
SSS,10,2007,NA,NA,234623,59,747,529,NA,f,n,NA,NA,NA,NA,NA,NA,NA,NA,NA,NA,NA,FALSE,NA,NA,TRUE,NA,NA,
SSS,11,2007,NA,NA,130660,46,630,NA,NA,f,NA,NA,NA,NA,NA,NA,NA,NA,NA,NA,NA,NA,FALSE,NA,NA,TRUE,NA,0.917,
SSS,11,2007,NA,NA,150549,80,1009,735,NA,m,n,70,y,3,p,NA,NA,NA,1,NA,NA,NA,FALSE,NA,NA,TRUE,NA,4.917,
SSS,10,2007,15/09/2007,258,210983,NA,NA,NA,NA,f,n,NA,NA,NA,NA,NA,0,5,NA,NA,2,347.5,FALSE,2,0,TRUE,NA,5.833,
SSS,11,2007,NA,NA,150550,76.8,985,698,NA,m,n,71,y,2,n,NA,NA,NA,1,NA,NA,NA,FALSE,NA,NA,TRUE,NA,2.917,
SSS,11,2007,NA,NA,150551,66.9,862,607,NA,f,n,NA,NA,NA,NA,NA,NA,1,0,0,NA,NA,FALSE,NA,NA,TRUE,NA,1.917,
SSS,11,2007,NA,NA,150552,75.6,960,693,NA,m,n,72,y,3,p,NA,NA,NA,1,NA,NA,NA,FALSE,NA,NA,TRUE,NA,2.917,
SSS,11,2007,NA,NA,150554,73.4,938,663,NA,m,n,68,p,2,n,NA,NA,NA,0,NA,NA,NA,FALSE,NA,NA,TRUE,NA,2.917,
SSS,10,2007,NA,NA,317006,68.6,890,625,NA,f,n,NA,NA,NA,NA,NA,NA,NA,NA,NA,NA,NA,FALSE,NA,NA,TRUE,NA,1.833,
SSS,5,2008,NA,NA,215970,83,1048,755,NA,m,n,70,y,2,NA,NA,NA,NA,1,NA,NA,NA,FALSE,NA,NA,TRUE,NA,4.417,
SSS,10,2007,NA,NA,234610,77.2,990,694,5.2,f,n,NA,NA,NA,NA,NA,NA,NA,NA,NA,NA,NA,FALSE,NA,NA,TRUE,NA,2.833,
SSS,10,2007,22/09/2007,265,150613,93,1169,845,NA,f,NA,NA,NA,NA,NA,NA,NA,5,1,1,4,335,FALSE,3,1,TRUE,NA,7.833,
SSS,10,2007,21/09/2007,264,234658,NA,984,700,NA,m,n,82,y,NA,NA,NA,NA,NA,1,NA,NA,NA,FALSE,NA,NA,TRUE,NA,4.833,
SSS,12,2007,30/11/2007,334,142691,53.3,691,475,1.8,f,n,NA,NA,NA,NA,NA,NA,1,0,0,NA,NA,FALSE,NA,NA,TRUE,NA,1,
SSS,10,2007,NA,NA,234611,73,950,661,4.2,f,n,NA,NA,NA,NA,NA,NA,NA,NA,NA,NA,NA,FALSE,NA,NA,TRUE,NA,2.833,
SSS,10,2007,NA,NA,234612,69.1,910,626,3.75,f,n,NA,NA,NA,NA,NA,NA,NA,NA,NA,NA,NA,FALSE,NA,NA,TRUE,NA,1.833,
SSS,10,2007,NA,NA,234613,66.5,864,596,3.15,m,n,NA,NA,NA,NA,NA,NA,NA,NA,NA,NA,NA,FALSE,NA,NA,TRUE,NA,1.833,
SSS,10,2007,NA,NA,234630,82.8,1060,752,NA,m,n,78,y,NA,n,NA,NA,NA,1,NA,NA,NA,FALSE,NA,NA,TRUE,NA,4.833,
SSS,10,2007,NA,NA,234614,79.5,1025,723,5.45,f,n,NA,NA,NA,NA,NA,NA,NA,NA,NA,NA,NA,FALSE,NA,NA,TRUE,NA,2.833,
SSS,10,2007,22/09/2007,265,150609,73.6,942,665,NA,m,NA,68,y,NA,n,NA,NA,NA,1,NA,NA,NA,FALSE,NA,NA,TRUE,NA,2.833,
SSS,10,2007,NA,NA,234615,76.9,995,699,5.35,m,n,NA,NA,NA,NA,NA,NA,NA,NA,NA,NA,NA,FALSE,NA,NA,TRUE,NA,3.833,
SSS,10,2007,NA,NA,234616,71.7,918,645,4.35,m,n,NA,NA,NA,NA,NA,NA,NA,NA,NA,NA,NA,FALSE,NA,NA,TRUE,NA,2.833,
SSS,10,2007,NA,NA,234617,72,932,650,3.95,f,n,NA,NA,NA,NA,NA,NA,NA,NA,NA,NA,NA,FALSE,NA,NA,TRUE,NA,1.833,
SSS,10,2007,NA,NA,234618,75.7,975,683,4.8,f,n,NA,NA,NA,NA,NA,NA,NA,NA,NA,NA,NA,FALSE,NA,NA,TRUE,NA,2.833,
SSS,10,2007,NA,NA,234619,74.8,961,675,4.4,f,n,NA,NA,NA,NA,NA,NA,NA,NA,NA,NA,NA,FALSE,NA,NA,TRUE,NA,2.833,
SSS,10,2007,NA,NA,234620,72.8,946,661,4.3,m,n,NA,NA,NA,NA,NA,NA,NA,NA,NA,NA,NA,FALSE,NA,NA,TRUE,NA,2.833,
SSS,10,2007,NA,NA,234621,78.3,1003,706,4.85,m,n,NA,NA,NA,NA,NA,NA,NA,NA,NA,NA,NA,FALSE,NA,NA,TRUE,NA,2.833,
SSS,9,2008,13/08/2008,226,R0060,88,1110,NA,NA,f,NA,NA,NA,NA,NA,NA,NA,NA,NA,NA,NA,NA,FALSE,NA,NA,FALSE,NA,NA,
SSS,7,2007,NA,NA,242132,85,1071,770,NA,m,n,85,y,NA,NA,NA,NA,NA,1,NA,NA,NA,FALSE,NA,NA,TRUE,NA,4.583,
SSS,5,2008,10/04/2008,101,216030,77.5,1001,710,5.2,m,n,82,y,2,NA,NA,NA,NA,1,NA,NA,NA,FALSE,NA,NA,TRUE,NA,2.417,
SSS,5,2008,10/04/2008,101,216031,82.6,1006,755,5.6,m,n,83,y,2,NA,NA,NA,NA,1,NA,NA,NA,FALSE,NA,NA,TRUE,NA,4.417,
SSS,7,2008,NA,NA,150502,91.4,1144,830,8.5,f,n,NA,NA,NA,NA,NA,NA,5,1,1,3,230,FALSE,0,3,TRUE,NA,4.583,
SSS,5,2008,10/04/2008,101,216032,81.5,1060,745,5,m,n,85,y,2,n,NA,NA,NA,1,NA,NA,NA,FALSE,NA,NA,TRUE,NA,3.417,
SSS,5,2008,10/04/2008,101,216032,81.5,1060,745,5,m,n,85,y,2,n,NA,NA,NA,1,NA,NA,NA,FALSE,NA,NA,TRUE,NA,4.417,
SSS,7,2008,NA,NA,150501,87.3,1103,790,6.5,f,n,NA,NA,NA,NA,NA,NA,3,1,0,NA,NA,FALSE,NA,NA,TRUE,NA,4.583,
SSS,5,2008,11/04/2008,102,216055,83,1007,NA,6,m,n,85,y,NA,NA,NA,NA,NA,1,NA,NA,NA,FALSE,NA,NA,TRUE,NA,3.417,
SSS,7,2008,NA,NA,150500,85,1084,778,6.5,f,n,NA,NA,NA,NA,NA,NA,3,1,0,NA,NA,FALSE,NA,NA,TRUE,NA,3.583,
SSS,7,2007,NA,NA,242152,78.5,997,NA,NA,m,NA,NA,NA,NA,NA,NA,NA,NA,NA,NA,NA,NA,FALSE,NA,NA,TRUE,NA,2.583,
SSS,5,2008,11/04/2008,102,216057,81.5,1005,NA,5,m,n,90,y,NA,NA,NA,NA,NA,1,NA,NA,NA,FALSE,NA,NA,TRUE,NA,3.417,
SSS,5,2008,11/04/2008,102,216073,80,1006,NA,5,f,n,NA,NA,NA,NA,NA,NA,NA,NA,NA,NA,NA,FALSE,NA,NA,TRUE,NA,3.417,
SSS,5,2008,NA,NA,216074,48.5,644,NA,NA,m,n,6,n,NA,NA,NA,NA,NA,0,NA,NA,NA,FALSE,NA,NA,TRUE,NA,0.417,
SSS,5,2008,11/04/2008,102,216082,73.5,950,NA,3.6,m,n,80,y,NA,NA,NA,NA,NA,1,NA,NA,NA,FALSE,NA,NA,TRUE,NA,2.417,
SSS,6,2008,NA,NA,J0069,82,1090,NA,NA,m,n,72,y,NA,NA,NA,NA,NA,1,NA,NA,NA,FALSE,NA,NA,FALSE,NA,NA,
SSS,10,2007,NA,NA,234601,71.4,918,645,3.85,f,n,NA,NA,NA,NA,NA,NA,NA,NA,NA,NA,NA,FALSE,NA,NA,TRUE,NA,1.833,
SSS,6,2008,NA,NA,J0056,99,1200,NA,NA,f,n,NA,NA,NA,NA,NA,NA,NA,NA,NA,NA,NA,FALSE,NA,NA,FALSE,NA,NA,
SSS,6,2008,NA,NA,J0052,95,1230,NA,NA,f,n,NA,NA,NA,NA,NA,NA,NA,NA,NA,NA,NA,FALSE,NA,NA,FALSE,NA,NA,
SSS,6,2008,NA,NA,J0082A,79,980,NA,NA,m,NA,90,p,NA,NA,NA,NA,NA,0,NA,NA,NA,FALSE,NA,NA,FALSE,NA,NA,
SSS,5,2008,9/04/2008,100,215980,85,1071,780,NA,m,n,80,y,2,NA,NA,NA,NA,1,NA,NA,NA,FALSE,NA,NA,TRUE,NA,5.417,
SSS,6,2008,NA,NA,J0047,74,950,NA,NA,m,n,54,p,NA,NA,NA,NA,NA,0,NA,NA,NA,FALSE,NA,NA,FALSE,NA,NA,
SSS,5,2008,NA,NA,J0029,76,1050,NA,NA,m,n,75,y,NA,NA,NA,NA,NA,1,NA,NA,NA,FALSE,NA,NA,FALSE,NA,NA,
SSS,7,2007,NA,NA,242143,71.5,910,NA,NA,NA,NA,NA,NA,NA,NA,NA,NA,NA,NA,NA,NA,NA,FALSE,NA,NA,TRUE,NA,1.583,
SSS,6,2008,NA,NA,358298,62.5,810,NA,2.557,f,n,NA,NA,NA,NA,NA,NA,1,0,0,NA,NA,FALSE,NA,NA,TRUE,NA,1.5,
SSS,5,2008,NA,NA,R0011,85,1050,NA,NA,f,NA,NA,NA,NA,NA,NA,NA,NA,NA,NA,NA,NA,FALSE,NA,NA,FALSE,NA,NA,
SSS,6,2008,NA,NA,R0031,56,772,NA,NA,m,n,14,n,NA,NA,NA,NA,NA,0,NA,NA,NA,FALSE,NA,NA,FALSE,NA,NA,
SSS,5,2008,NA,NA,J0044,103,1260,NA,NA,f,NA,NA,NA,NA,NA,NA,NA,NA,NA,NA,NA,NA,FALSE,NA,NA,FALSE,NA,NA,
SSS,6,2008,NA,NA,R0040,68,890,NA,NA,m,n,19,n,NA,NA,NA,NA,NA,0,NA,NA,NA,FALSE,NA,NA,FALSE,NA,NA,
SSS,5,2008,9/04/2008,100,215985,72,925,NA,NA,f,n,NA,NA,NA,NA,NA,NA,2,0,0,NA,NA,FALSE,NA,NA,TRUE,NA,2.417,
SSS,6,2008,NA,NA,J0045,76,940,NA,NA,f,n,NA,NA,NA,NA,NA,NA,NA,NA,NA,NA,NA,FALSE,NA,NA,FALSE,NA,NA,
SSS,8,2008,NA,NA,J0083,91,1150,NA,NA,f,n,NA,NA,NA,NA,NA,NA,NA,NA,NA,NA,NA,FALSE,NA,NA,FALSE,NA,NA,
SSS,5,2008,9/04/2008,100,215986,74,955,NA,NA,f,n,NA,NA,NA,NA,NA,NA,3,1,0,NA,NA,FALSE,NA,NA,TRUE,NA,2.417,
SSS,7,2008,NA,NA,R0042,56.2,741,NA,NA,f,n,NA,NA,NA,NA,NA,NA,NA,NA,NA,NA,NA,FALSE,NA,NA,FALSE,NA,NA,
SSS,8,2007,1/06/2007,152,126015,44.5,580,400,0.85,m,n,14,n,1,n,NA,NA,NA,0,NA,NA,NA,FALSE,NA,NA,TRUE,NA,0.667,
SSS,5,2008,9/04/2008,100,215981,85,1071,785,NA,f,n,NA,NA,NA,NA,20,3,4,1,1,NA,NA,FALSE,NA,NA,TRUE,NA,4.417,
SSS,5,2008,9/04/2008,100,215979,87.5,1099,795,NA,m,n,70,y,2,NA,NA,NA,NA,1,NA,NA,NA,FALSE,NA,NA,TRUE,NA,4.417,
SSS,7,2008,NA,NA,150521,82.5,1055,749,6,m,n,83,y,2,n,NA,NA,NA,1,NA,NA,NA,FALSE,NA,NA,TRUE,NA,4.583,
SSS,5,2008,9/04/2008,100,215982,65,846,NA,NA,f,n,NA,NA,NA,NA,NA,NA,NA,NA,NA,NA,NA,FALSE,NA,NA,TRUE,NA,1.417,
SSS,8,2008,NA,NA,J0089,87,1130,NA,NA,f,n,NA,NA,NA,NA,NA,NA,NA,NA,NA,NA,NA,FALSE,NA,NA,FALSE,NA,NA,
SSS,8,2008,NA,NA,J0090,94,1173,NA,NA,f,n,NA,NA,NA,NA,NA,NA,NA,NA,NA,NA,NA,FALSE,NA,NA,FALSE,NA,NA,
SSS,8,2008,NA,NA,J0091,99,1240,NA,NA,f,n,NA,NA,NA,NA,NA,NA,NA,NA,NA,NA,NA,FALSE,NA,NA,FALSE,NA,NA,
SSS,10,2007,NA,NA,105611,77.6,979,702,NA,m,NA,77,y,NA,n,NA,NA,NA,1,NA,NA,NA,FALSE,NA,NA,TRUE,NA,NA,
SSS,10,2007,NA,NA,150577,53.8,705,484,NA,f,n,NA,NA,NA,NA,NA,NA,NA,NA,NA,NA,NA,FALSE,NA,NA,TRUE,NA,0.833,
SSS,10,2007,NA,NA,150599,80.1,1010,725,NA,f,NA,NA,NA,NA,NA,NA,NA,5,1,1,2,309,FALSE,1,1,TRUE,NA,2.833,
SSS,8,2008,NA,NA,358265,81.8,1050,740,6.55,f,n,NA,NA,NA,NA,NA,NA,5,1,1,2,188,FALSE,1,1,TRUE,NA,3.667,
SSS,7,2008,NA,NA,150510,81.6,1010,735,6.6,m,n,73,y,2,n,NA,NA,NA,1,NA,NA,NA,FALSE,NA,NA,TRUE,NA,4.583,
SSS,6,2008,NA,NA,R0030,52,682,NA,NA,m,n,15,n,NA,NA,NA,NA,NA,0,NA,NA,NA,FALSE,NA,NA,FALSE,NA,0.5,
SSS,5,2008,9/04/2008,100,215974,74,950,665,NA,m,n,80,y,2,NA,NA,NA,NA,1,NA,NA,NA,FALSE,NA,NA,TRUE,NA,2.417,
SSS,5,2008,9/04/2008,100,215984,74.8,950,NA,NA,m,n,75,p,3,NA,NA,NA,NA,0,NA,NA,NA,FALSE,NA,NA,TRUE,NA,2.417,
SSS,7,2008,NA,NA,243543,NA,700,479,1.75,m,n,14,n,1,NA,NA,NA,NA,0,NA,NA,NA,FALSE,NA,NA,TRUE,NA,0.583,
SSS,7,2008,NA,NA,150509,73.3,939,670,4.7,m,n,81,y,NA,NA,NA,NA,NA,1,NA,NA,NA,FALSE,NA,NA,TRUE,NA,2.583,
SSS,7,2008,NA,NA,150512,83.5,1075,760,6.4,f,n,NA,NA,NA,NA,NA,NA,NA,NA,NA,NA,NA,FALSE,NA,NA,TRUE,NA,3.583,
SSS,7,2008,NA,NA,150517,72.3,932,650,4.3,f,n,NA,NA,NA,NA,NA,NA,NA,NA,NA,NA,NA,FALSE,NA,NA,TRUE,NA,2.583,
SSS,5,2008,9/04/2008,100,215975,76,975,680,NA,f,n,NA,NA,NA,NA,NA,NA,NA,NA,NA,NA,NA,FALSE,NA,NA,TRUE,NA,2.417,
SSS,5,2008,9/04/2008,100,215983,81,1025,735,NA,m,n,79,y,2,NA,NA,NA,NA,1,NA,NA,NA,FALSE,NA,NA,TRUE,NA,3.417,
SSS,7,2008,NA,NA,150518,70.5,923,642,4.05,f,n,NA,NA,NA,NA,NA,NA,NA,NA,NA,NA,NA,FALSE,NA,NA,TRUE,NA,2.583,
SSS,7,2008,NA,NA,150520,79.5,1020,721,5.05,m,n,75,y,2,n,NA,NA,NA,1,NA,NA,NA,FALSE,NA,NA,TRUE,NA,3.583,
SSS,7,2008,NA,NA,150504,80,1000,732,5.9,m,n,73,y,2,n,NA,NA,NA,1,NA,NA,NA,FALSE,NA,NA,TRUE,NA,7.583,
SSS,12,2009,4/11/2009,308,R0962,79,990,NA,NA,m,NA,83,y,NA,NA,NA,NA,NA,1,NA,NA,NA,FALSE,NA,NA,FALSE,NA,NA,
SSS,5,2009,2/04/2009,92,35537,NA,1009,NA,4.9,f,n,NA,NA,NA,NA,NA,NA,NA,NA,NA,NA,NA,FALSE,NA,NA,TRUE,NA,NA,
SSS,5,2009,5/04/2009,95,U313,76.7,976,NA,NA,m,NA,74,y,NA,NA,NA,NA,NA,1,NA,NA,NA,FALSE,NA,NA,FALSE,NA,NA,
SSS,11,2009,27/10/2009,300,R0945,85.5,1088,775,6.95,f,n,NA,NA,NA,NA,8,0,5,1,1,1,373,FALSE,0,1,TRUE,NA,4.917,
SSS,5,2009,2/04/2009,92,355535,NA,1044,NA,5.65,f,n,NA,NA,NA,NA,12,1,5,1,1,2,61.5,FALSE,NA,NA,TRUE,NA,3.417,
SSS,5,2009,5/04/2009,95,U298,78.7,999,NA,NA,m,NA,74,y,NA,NA,NA,NA,NA,1,NA,NA,NA,FALSE,NA,NA,FALSE,NA,NA,
SSS,5,2009,5/04/2009,95,U296,79.3,1006,NA,NA,m,NA,77,y,NA,NA,NA,NA,NA,1,NA,NA,NA,FALSE,NA,NA,FALSE,NA,NA,
SSS,5,2009,5/04/2009,95,U301,86.1,1083,NA,NA,f,NA,NA,NA,NA,NA,NA,NA,NA,NA,NA,NA,NA,FALSE,NA,NA,FALSE,NA,NA,
SSS,5,2009,5/04/2009,95,U297,80.1,1015,NA,NA,m,NA,79,y,NA,NA,NA,NA,NA,1,NA,NA,NA,FALSE,NA,NA,FALSE,NA,NA,
SSS,5,2009,5/04/2009,95,U307,86,1082,NA,NA,m,NA,82,y,NA,NA,NA,NA,NA,1,NA,NA,NA,FALSE,NA,NA,FALSE,NA,NA,
SSS,5,2009,5/04/2009,95,U306,85,1071,NA,NA,m,NA,79,y,NA,NA,NA,NA,NA,1,NA,NA,NA,FALSE,NA,NA,FALSE,NA,NA,
SSS,5,2009,5/04/2009,95,U305,83.6,1055,NA,NA,m,NA,80,y,NA,NA,NA,NA,NA,1,NA,NA,NA,FALSE,NA,NA,FALSE,NA,NA,
SSS,5,2009,5/04/2009,95,U304,81.8,1034,NA,NA,m,NA,75,y,NA,NA,NA,NA,NA,1,NA,NA,NA,FALSE,NA,NA,FALSE,NA,NA,
SSS,5,2009,5/04/2009,95,U303,84.4,1064,NA,NA,m,NA,80,y,NA,NA,NA,NA,NA,1,NA,NA,NA,FALSE,NA,NA,FALSE,NA,NA,
SSS,5,2009,5/04/2009,95,U302,83.4,1053,NA,NA,m,NA,73,y,NA,NA,NA,NA,NA,1,NA,NA,NA,FALSE,NA,NA,FALSE,NA,NA,
SSS,5,2009,5/04/2009,95,U300,72.8,932,NA,NA,m,NA,75,y,NA,NA,NA,NA,NA,1,NA,NA,NA,FALSE,NA,NA,FALSE,NA,NA,
SSS,9,2010,6/08/2010,218,999066,NA,1018,NA,NA,m,n,76,y,2,n,NA,NA,NA,1,NA,NA,NA,FALSE,NA,NA,FALSE,NA,NA,
SSS,5,2009,4/04/2009,94,U266,79.5,1008,NA,5.8,m,NA,74,y,NA,NA,NA,NA,NA,1,NA,NA,NA,FALSE,NA,NA,FALSE,NA,NA,
SSS,11,2009,27/10/2009,300,R1000,81,1020,NA,NA,m,NA,77,y,NA,NA,NA,NA,NA,1,NA,NA,NA,FALSE,NA,NA,FALSE,NA,NA,
SSS,11,2009,27/10/2009,300,315099,77.5,989,704,5,f,n,NA,NA,NA,NA,8,5,3,1,0,NA,NA,FALSE,NA,NA,TRUE,NA,2.917,
SSS,5,2009,3/04/2009,93,U256,86.2,1084,NA,7.5,m,NA,84,y,NA,NA,NA,NA,NA,1,NA,NA,NA,FALSE,NA,NA,FALSE,NA,NA,
SSS,5,2009,3/04/2009,93,U257,74.8,955,NA,4.25,m,NA,73,y,NA,NA,NA,NA,NA,1,NA,NA,NA,FALSE,NA,NA,FALSE,NA,NA,
SSS,5,2009,3/04/2009,93,U258,91,1139,NA,8.1,m,NA,83,y,NA,NA,NA,NA,NA,1,NA,NA,NA,FALSE,NA,NA,FALSE,NA,NA,
SSS,5,2009,3/04/2009,93,U259,79,1002,NA,4.75,m,NA,84,y,NA,NA,NA,NA,NA,1,NA,NA,NA,FALSE,NA,NA,FALSE,NA,NA,
SSS,5,2009,3/04/2009,93,U260,84,1059,NA,6.55,m,NA,79,y,NA,NA,NA,NA,NA,1,NA,NA,NA,FALSE,NA,NA,FALSE,NA,NA,
SSS,5,2009,3/04/2009,93,U261,87.1,1095,NA,7.35,m,NA,81,y,NA,NA,NA,NA,NA,1,NA,NA,NA,FALSE,NA,NA,FALSE,NA,NA,
SSS,5,2009,3/04/2009,93,U262,81.1,1026,NA,5.85,m,NA,77,y,NA,NA,NA,NA,NA,1,NA,NA,NA,FALSE,NA,NA,FALSE,NA,NA,
SSS,5,2009,3/04/2009,93,U263,73.1,935,NA,4.2,f,NA,NA,NA,NA,NA,NA,NA,2,0,0,NA,NA,FALSE,NA,NA,FALSE,NA,NA,
SSS,11,2009,27/10/2009,300,J0212,85.4,1098,790,8.6,f,n,NA,NA,NA,NA,8,0,5,1,1,3,405,FALSE,3,0,TRUE,NA,4.917,
SSS,5,2009,3/04/2009,93,U264,76.5,974,NA,5,f,NA,NA,NA,NA,NA,NA,NA,3,1,0,NA,NA,FALSE,NA,NA,FALSE,NA,NA,
SSS,5,2009,2/04/2009,92,U196,81.8,1034,NA,NA,m,NA,73,y,NA,NA,NA,NA,NA,1,NA,NA,NA,FALSE,NA,NA,FALSE,NA,NA,
SSS,12,2009,4/11/2009,308,J0970,84,1025,NA,NA,m,NA,79,y,NA,NA,NA,NA,NA,1,NA,NA,NA,FALSE,NA,NA,FALSE,NA,NA,
SSS,12,2008,30/11/2008,335,187689,87,1100,790,8.1,f,n,NA,NA,NA,NA,5,0,5,1,1,3,468,FALSE,1,2,TRUE,NA,4,
SSS,12,2008,30/11/2008,335,187690,78.5,1010,720,5.6,f,n,NA,NA,NA,NA,12,4,3,1,0,NA,NA,FALSE,NA,NA,TRUE,NA,3,
SSS,5,2009,3/04/2009,93,U254,82.3,1040,NA,6.1,m,NA,73,y,NA,NA,NA,NA,NA,1,NA,NA,NA,FALSE,NA,NA,FALSE,NA,NA,
SSS,9,2010,6/08/2010,218,999064,77,1000,703,NA,f,n,NA,NA,NA,NA,NA,NA,3,1,0,NA,NA,FALSE,NA,NA,FALSE,NA,NA,
SSS,12,2008,30/11/2008,335,187691,87.5,1120,800,NA,f,n,NA,NA,NA,NA,11,0,5,1,1,2,513,FALSE,0,2,TRUE,NA,5,
SSS,9,2010,6/08/2010,218,999065,NA,865,NA,NA,m,n,26,n,NA,NA,NA,NA,NA,0,NA,NA,NA,FALSE,NA,NA,FALSE,NA,NA,
SSS,5,2009,2/04/2009,92,355522,NA,963,NA,4.4,f,n,NA,NA,NA,NA,4,0,3,1,0,NA,NA,FALSE,NA,NA,TRUE,NA,2.417,
SSS,12,2008,30/11/2008,335,187696,95,1210,880,11.8,f,n,NA,NA,NA,NA,10,0,5,1,1,4,500,FALSE,1,3,TRUE,NA,6,
SSS,5,2009,2/04/2009,92,355514,82.1,1042,745,NA,m,n,76,y,2,NA,NA,NA,NA,1,NA,NA,NA,FALSE,NA,NA,TRUE,NA,4.417,
SSS,5,2009,2/04/2009,92,355515,81,1029,740,NA,m,n,80,y,2,NA,NA,NA,NA,1,NA,NA,NA,FALSE,NA,NA,TRUE,NA,3.417,
SSS,5,2009,2/04/2009,92,355516,73.1,935,659,NA,m,n,70,y,2,NA,NA,NA,NA,1,NA,NA,NA,FALSE,NA,NA,TRUE,NA,2.417,
SSS,12,2009,3/11/2009,307,J1151,87,1105,NA,NA,f,n,NA,NA,NA,NA,NA,NA,NA,NA,NA,NA,NA,FALSE,NA,NA,FALSE,NA,NA,
SSS,5,2009,2/04/2009,92,355519,NA,1119,NA,NA,f,n,NA,NA,NA,NA,15,2,5,1,1,3,51,FALSE,NA,NA,TRUE,NA,4.417,
SSS,12,2009,3/11/2009,307,R0978,91.5,1180,NA,NA,f,n,NA,NA,NA,NA,NA,NA,NA,NA,NA,NA,NA,FALSE,NA,NA,FALSE,NA,NA,
SSS,5,2009,2/04/2009,92,355524,NA,1301,NA,14,f,n,NA,NA,NA,NA,15,1,5,1,1,5,71.6,FALSE,NA,NA,TRUE,NA,11.417,
SSS,5,2009,2/04/2009,92,355532,NA,1114,NA,7.95,f,n,NA,NA,NA,NA,13,1,5,1,1,3,65,FALSE,NA,NA,TRUE,NA,4.417,
SSS,5,2009,2/04/2009,92,355525,NA,975,NA,4.55,f,n,NA,NA,NA,NA,NA,2,NA,NA,NA,NA,NA,FALSE,NA,NA,TRUE,NA,2.417,
SSS,5,2009,2/04/2009,92,355523,NA,1030,NA,NA,f,n,NA,NA,NA,NA,10,2,5,1,1,3,73.3,FALSE,NA,NA,TRUE,NA,4.417,
SSS,11,2009,28/10/2009,301,R0980,91,1125,NA,NA,f,n,NA,NA,NA,NA,NA,NA,NA,NA,NA,NA,NA,FALSE,NA,NA,FALSE,NA,NA,
SSS,5,2009,2/04/2009,92,355530,NA,1127,NA,7.9,f,n,NA,NA,NA,NA,30,1,5,1,1,3,65.5,FALSE,NA,NA,TRUE,NA,4.417,
SSS,5,2009,2/04/2009,92,355529,NA,1085,NA,7.25,f,n,NA,NA,NA,NA,10,2,5,1,1,2,78.5,FALSE,NA,NA,TRUE,NA,4.417,
SSS,5,2009,2/04/2009,92,355521,NA,997,NA,5.15,f,n,NA,NA,NA,NA,5,0,3,1,0,NA,NA,FALSE,NA,NA,TRUE,NA,3.417,
SSS,9,2010,6/08/2010,218,999067,NA,856,NA,NA,f,n,NA,NA,NA,NA,NA,NA,1,0,0,NA,NA,FALSE,NA,NA,FALSE,NA,NA,
SSS,5,2009,2/04/2009,92,355528,NA,1182,NA,NA,f,n,NA,NA,NA,NA,10,1,5,1,1,3,81,FALSE,NA,NA,TRUE,NA,4.417,
SSS,5,2009,5/04/2009,95,U323,75.5,962,NA,NA,f,NA,NA,NA,NA,NA,NA,NA,3,1,0,NA,NA,FALSE,NA,NA,FALSE,NA,NA,
SSS,5,2009,5/04/2009,95,U324,86.5,1088,NA,NA,f,NA,NA,NA,NA,NA,NA,NA,5,1,1,2,NA,FALSE,NA,NA,FALSE,NA,NA,
SSS,5,2009,1/04/2009,91,355502,75.5,999,711,4.9,m,n,80,y,2,NA,NA,NA,NA,1,NA,NA,NA,FALSE,NA,NA,TRUE,NA,3.417,
SSS,5,2009,1/04/2009,91,355504,72.1,917,650,4.05,m,n,60,p,2,NA,NA,NA,NA,0,NA,NA,NA,FALSE,NA,NA,TRUE,NA,2.417,
SSS,5,2009,1/04/2009,91,355503,74.4,966,675,4.4,m,n,75,y,2,NA,NA,NA,NA,1,NA,NA,NA,FALSE,NA,NA,TRUE,NA,2.417,
SSS,12,2009,4/11/2009,308,R0984,78,1000,NA,NA,m,n,76,y,NA,NA,NA,NA,NA,1,NA,NA,NA,FALSE,NA,NA,FALSE,NA,NA,
SSS,12,2009,3/11/2009,307,R0975,83,1010,NA,NA,m,n,81,y,NA,NA,NA,NA,NA,1,NA,NA,NA,FALSE,NA,NA,FALSE,NA,NA,
SSS,12,2009,3/11/2009,307,R0974,100,1230,NA,NA,f,NA,NA,NA,NA,NA,NA,NA,NA,NA,NA,NA,NA,FALSE,NA,NA,FALSE,NA,NA,
SSS,5,2009,2/04/2009,92,355507,87.1,1116,789,NA,f,n,NA,NA,NA,NA,15,1,5,1,1,4,52.5,FALSE,NA,NA,TRUE,NA,4.417,
SSS,12,2009,4/11/2009,308,J1157,85.5,1080,NA,NA,f,NA,NA,NA,NA,NA,NA,NA,NA,NA,NA,NA,NA,FALSE,NA,NA,FALSE,NA,NA,
SSS,12,2009,3/11/2009,307,R0862,102,1210,NA,NA,f,n,NA,NA,NA,NA,NA,NA,NA,NA,NA,NA,NA,FALSE,NA,NA,FALSE,NA,NA,
SSS,5,2009,2/04/2009,92,355509,70.6,913,636,NA,m,n,47,p,1,NA,NA,NA,NA,0,NA,NA,NA,FALSE,NA,NA,TRUE,NA,2.417,
SSS,12,2009,3/11/2009,307,R0973,80,990,NA,NA,m,n,85,y,NA,NA,NA,NA,NA,1,NA,NA,NA,FALSE,NA,NA,FALSE,NA,NA,
SSS,5,2009,2/04/2009,92,355511,NA,915,NA,NA,m,n,72,y,2,NA,NA,NA,NA,1,NA,NA,NA,FALSE,NA,NA,TRUE,NA,2.417,
SSS,5,2009,2/04/2009,92,355512,NA,928,NA,NA,m,n,75,y,2,NA,NA,NA,NA,1,NA,NA,NA,FALSE,NA,NA,TRUE,NA,2.417,
SSS,5,2009,2/04/2009,92,355513,83.1,1049,NA,NA,f,n,NA,NA,NA,NA,11,1,5,1,1,2,74,FALSE,NA,NA,TRUE,NA,3.417,
SSS,1,2008,19/12/2008,354,362147,94.8,1188,865,12.15,f,n,NA,NA,NA,NA,11,8,5,1,1,4,488.5,FALSE,2,2,TRUE,NA,5.083,
SSS,1,2008,19/12/2008,354,183339,97,1182,NA,8.5,f,n,NA,NA,NA,NA,12,7,6,1,1,NA,NA,FALSE,NA,NA,TRUE,NA,6.083,
SSS,1,2008,19/12/2008,354,362146,88.8,1115,805,6.6,f,n,NA,NA,NA,NA,10,7,6,1,1,NA,NA,FALSE,NA,NA,TRUE,NA,5.083,
SSS,1,2008,19/12/2008,354,362148,94.2,1190,857,9.8,f,n,NA,NA,NA,NA,14,7,5,1,1,3,440,FALSE,1,2,TRUE,NA,5.083,
SSS,4,2009,12/03/2009,71,134112,81,1038,736,NA,m,n,77,y,2,NA,NA,NA,NA,1,NA,NA,NA,FALSE,NA,NA,TRUE,NA,3.333,
SSS,4,2009,12/03/2009,71,134113,77.2,984,695,NA,m,n,75,y,2,NA,NA,NA,NA,1,NA,NA,NA,FALSE,NA,NA,TRUE,NA,2.333,
SSS,4,2009,10/03/2009,69,150113,77.4,1003,700,4.4,m,n,80,y,2,n,NA,NA,NA,1,NA,NA,NA,FALSE,NA,NA,TRUE,NA,NA,
SSS,4,2009,10/03/2009,69,150114,79.2,999,720,5.55,m,n,78,y,2,n,NA,NA,NA,1,NA,NA,NA,FALSE,NA,NA,TRUE,NA,5.333,
SSS,12,2009,5/11/2009,309,R0954,74.5,951,NA,NA,m,n,83,y,NA,NA,NA,NA,NA,1,NA,NA,NA,FALSE,NA,NA,FALSE,NA,NA,
SSS,5,2009,2/04/2009,92,U195,80.5,1019,NA,NA,m,NA,75,y,NA,NA,NA,NA,NA,1,NA,NA,NA,FALSE,NA,NA,FALSE,NA,NA,
SSS,5,2009,2/04/2009,92,U194,82.7,1045,NA,NA,m,NA,77,y,NA,NA,NA,NA,NA,1,NA,NA,NA,FALSE,NA,NA,FALSE,NA,NA,
SSS,5,2009,2/04/2009,92,U193,81.7,1033,NA,6.35,m,NA,84,y,NA,NA,NA,NA,NA,1,NA,NA,NA,FALSE,NA,NA,FALSE,NA,NA,
SSS,1,2008,19/12/2008,354,R0197,92,1175,NA,NA,f,n,NA,NA,NA,NA,NA,NA,NA,NA,NA,NA,NA,FALSE,NA,NA,FALSE,NA,NA,
SSS,4,2009,10/03/2009,69,150125,79,995,725,4.85,m,n,79,y,2,NA,NA,NA,NA,1,NA,NA,NA,FALSE,NA,NA,TRUE,NA,3.333,
SSS,4,2009,12/03/2009,71,134123,75.1,955,680,NA,m,n,76,n,2,NA,NA,NA,NA,0,NA,NA,NA,FALSE,NA,NA,TRUE,NA,3.333,
SSS,12,2009,5/11/2009,309,R0955,93,1200,NA,NA,f,NA,NA,NA,NA,NA,NA,NA,NA,NA,NA,NA,NA,FALSE,NA,NA,FALSE,NA,NA,
SSS,12,2009,5/11/2009,309,272712,84,1055,765,7,m,n,82,y,3,p,NA,NA,NA,1,NA,NA,NA,FALSE,NA,NA,TRUE,NA,6,
SSS,12,2009,6/11/2009,310,R0961,67.2,877,NA,NA,m,n,55,n,NA,NA,NA,NA,NA,0,NA,NA,NA,FALSE,NA,NA,FALSE,NA,NA,
SSS,11,2009,27/10/2009,300,362127,68,877,610,3.45,m,n,51,n,2,y,NA,NA,NA,0,NA,NA,NA,FALSE,NA,NA,TRUE,NA,1.917,
SSS,4,2009,12/03/2009,71,134114,74,951,676,NA,m,n,75,y,2,NA,NA,NA,NA,1,NA,NA,NA,FALSE,NA,NA,TRUE,NA,3.333,
SSS,1,2008,1/12/2008,336,187703,82,1040,760,7.3,f,n,NA,NA,NA,NA,8,0,5,1,1,2,465,FALSE,2,0,TRUE,NA,3.083,
SSS,4,2009,10/03/2009,69,150115,78.9,1000,718,5.3,m,n,78,y,2,NA,NA,NA,NA,1,NA,NA,NA,FALSE,NA,NA,TRUE,NA,5.333,
SSS,12,2008,30/11/2008,335,187697,98,1210,895,12.7,f,n,NA,NA,NA,NA,8,0,5,1,1,4,495,FALSE,4,0,TRUE,NA,7,
SSS,1,2008,1/12/2008,336,187702,85.5,1100,780,8.4,f,n,NA,NA,NA,NA,9,0,5,1,1,3,461,FALSE,2,1,TRUE,NA,4.083,
SSS,1,2008,30/11/2008,335,187701,78.5,1020,720,5.7,f,n,NA,NA,NA,NA,5,0,5,1,1,2,458,FALSE,1,1,TRUE,NA,2.083,
SSS,12,2008,30/11/2008,335,187700,80.5,1020,740,6.4,m,n,NA,y,3,NA,NA,NA,NA,1,NA,NA,NA,FALSE,NA,NA,TRUE,NA,3,
SSS,12,2008,30/11/2008,335,187699,78.5,1015,715,5.6,f,n,NA,NA,NA,NA,9,0,3,1,0,NA,NA,FALSE,NA,NA,TRUE,NA,3,
SSS,10,2008,19/09/2008,263,R0067,106,1280,NA,NA,f,NA,NA,NA,NA,NA,NA,NA,NA,NA,NA,NA,NA,FALSE,NA,NA,FALSE,NA,NA,
SSS,5,2009,2/04/2009,92,U199,81.6,1032,NA,NA,m,NA,77,y,NA,NA,NA,NA,NA,1,NA,NA,NA,FALSE,NA,NA,FALSE,NA,NA,
SSS,4,2009,10/03/2009,69,150126,79.5,1015,727,4.8,m,n,75,y,NA,NA,NA,NA,NA,1,NA,NA,NA,FALSE,NA,NA,TRUE,NA,4.333,
SSS,4,2009,10/03/2009,69,150128,83.5,1066,764,6.5,m,n,83,y,2,NA,NA,NA,NA,1,NA,NA,NA,FALSE,NA,NA,TRUE,NA,6.333,
SSS,4,2009,10/03/2009,69,150130,80.5,1026,735,4.75,m,n,75,y,NA,NA,NA,NA,NA,1,NA,NA,NA,FALSE,NA,NA,TRUE,NA,3.333,
SSS,4,2009,10/03/2009,69,150131,81.5,1038,745,5.45,m,n,75,y,2,NA,NA,NA,NA,1,NA,NA,NA,FALSE,NA,NA,TRUE,NA,4.333,
SSS,4,2009,10/03/2009,69,150138,73.2,942,665,4.2,m,n,75,y,NA,NA,NA,NA,NA,1,NA,NA,NA,FALSE,NA,NA,TRUE,NA,2.333,
SSS,3,2010,28/02/2010,59,315128,44.7,591,399,0.85,m,n,10,n,1,NA,NA,NA,NA,0,NA,NA,NA,FALSE,NA,NA,TRUE,NA,0.25,
SSS,12,2009,17/11/2009,321,R0259,NA,NA,NA,NA,m,NA,NA,NA,NA,NA,NA,NA,NA,NA,NA,NA,NA,FALSE,NA,NA,FALSE,NA,NA,
SSS,4,2009,11/03/2009,70,U168,78.1,992,NA,NA,m,NA,74,y,NA,NA,NA,NA,NA,1,NA,NA,NA,FALSE,NA,NA,FALSE,NA,NA,
SSS,2,2009,8/01/2009,8,J0263,100,1200,NA,NA,f,NA,NA,NA,NA,NA,NA,NA,NA,NA,NA,NA,NA,FALSE,NA,NA,FALSE,NA,NA,
SSS,4,2009,10/03/2009,69,150116,74.9,962,687,4.15,m,n,80,y,2,NA,NA,NA,NA,1,NA,NA,NA,FALSE,NA,NA,TRUE,NA,2.333,
SSS,4,2009,10/03/2009,69,150139,81.8,1034,740,5,m,n,80,y,2,NA,NA,NA,NA,1,NA,NA,NA,FALSE,NA,NA,TRUE,NA,3.333,
SSS,5,2009,3/04/2009,93,U242,84,1059,NA,NA,f,NA,NA,NA,NA,NA,NA,NA,5,1,1,2,NA,FALSE,NA,NA,FALSE,NA,NA,
SSS,5,2009,3/04/2009,93,U249,85.3,1074,NA,7.5,m,NA,82,y,NA,NA,NA,NA,NA,1,NA,NA,NA,FALSE,NA,NA,FALSE,NA,NA,
SSS,5,2009,3/04/2009,93,U248,78.3,994,NA,4.85,m,NA,77,y,NA,NA,NA,NA,NA,1,NA,NA,NA,FALSE,NA,NA,FALSE,NA,NA,
SSS,5,2009,3/04/2009,93,U247,80.2,1016,NA,5.3,m,NA,75,y,NA,NA,NA,NA,NA,1,NA,NA,NA,FALSE,NA,NA,FALSE,NA,NA,
SSS,5,2009,3/04/2009,93,U246,81.9,1035,NA,5.5,m,NA,74,y,NA,NA,NA,NA,NA,1,NA,NA,NA,FALSE,NA,NA,FALSE,NA,NA,
SSS,5,2009,3/04/2009,93,U245,80,1014,NA,NA,f,NA,NA,NA,NA,NA,NA,NA,5,1,1,2,NA,FALSE,NA,NA,FALSE,NA,NA,
SSS,5,2009,2/04/2009,92,U235,83.6,1055,NA,NA,f,NA,NA,NA,NA,NA,NA,NA,NA,NA,NA,NA,NA,FALSE,NA,NA,FALSE,NA,NA,
SSS,5,2009,3/04/2009,93,U243,84.4,1064,NA,NA,f,NA,NA,NA,NA,NA,NA,NA,3,1,0,NA,NA,FALSE,NA,NA,FALSE,NA,NA,
SSS,5,2009,4/04/2009,94,U270,94.5,1179,NA,9.25,f,NA,NA,NA,NA,NA,NA,NA,NA,NA,NA,NA,NA,FALSE,NA,NA,FALSE,NA,NA,
SSS,5,2009,3/04/2009,93,U241,78.2,993,NA,NA,m,NA,74,y,NA,NA,NA,NA,NA,1,NA,NA,NA,FALSE,NA,NA,FALSE,NA,NA,
SSS,5,2009,3/04/2009,93,U240,72.2,925,NA,NA,f,NA,NA,NA,NA,NA,NA,NA,1,0,0,NA,NA,FALSE,NA,NA,FALSE,NA,NA,
SSS,5,2009,3/04/2009,93,U239,83,1048,NA,NA,m,NA,78,y,NA,NA,NA,NA,NA,1,NA,NA,NA,FALSE,NA,NA,FALSE,NA,NA,
SSS,5,2009,3/04/2009,93,U238,72.4,927,NA,NA,m,NA,78,y,NA,NA,NA,NA,NA,1,NA,NA,NA,FALSE,NA,NA,FALSE,NA,NA,
SSS,5,2009,3/04/2009,93,U237,64.8,840,NA,3.2,f,NA,NA,NA,NA,NA,NA,NA,NA,NA,NA,NA,NA,FALSE,NA,NA,FALSE,NA,NA,
SSS,5,2009,2/04/2009,92,U197,81.1,1026,NA,NA,m,NA,80,y,NA,NA,NA,NA,NA,1,NA,NA,NA,FALSE,NA,NA,FALSE,NA,NA,
SSS,5,2009,3/04/2009,93,U244,65.7,851,NA,NA,f,NA,NA,NA,NA,NA,NA,NA,NA,NA,NA,NA,NA,FALSE,NA,NA,FALSE,NA,NA,
SSS,12,2009,4/11/2009,308,R0965,90,1120,NA,NA,f,NA,NA,NA,NA,NA,NA,NA,NA,NA,NA,NA,NA,FALSE,NA,NA,FALSE,NA,NA,
SSS,5,2009,3/04/2009,93,U252,65,843,NA,3.2,m,NA,17,n,NA,NA,NA,NA,NA,0,NA,NA,NA,FALSE,NA,NA,FALSE,NA,NA,
SSS,12,2009,4/11/2009,308,R0963,83,1005,NA,NA,f,NA,NA,NA,NA,NA,NA,NA,NA,NA,NA,NA,NA,FALSE,NA,NA,FALSE,NA,NA,
SSS,12,2009,4/11/2009,308,R0964,90,1128,NA,NA,m,NA,NA,NA,NA,NA,NA,NA,NA,NA,NA,NA,NA,FALSE,NA,NA,FALSE,NA,NA,
SSS,5,2009,3/04/2009,93,U250,86.3,1086,NA,7,f,NA,NA,NA,NA,NA,NA,NA,NA,NA,NA,NA,NA,FALSE,NA,NA,FALSE,NA,NA,
SSS,5,2009,3/04/2009,93,144233,92.2,1153,840,8.8,f,n,NA,NA,NA,NA,18,1,5,1,1,4,72,FALSE,NA,NA,TRUE,NA,NA,
SSS,5,2009,3/04/2009,93,U251,85.7,1079,NA,6.7,m,NA,77,y,NA,NA,NA,NA,NA,1,NA,NA,NA,FALSE,NA,NA,FALSE,NA,NA,
SSS,12,2009,4/11/2009,308,R0966,89.5,1100,NA,NA,f,NA,NA,NA,NA,NA,NA,NA,NA,NA,NA,NA,NA,FALSE,NA,NA,FALSE,NA,NA,
SSS,12,2009,4/11/2009,308,315103,81.8,1038,740,6.05,m,n,77,y,3,p,NA,NA,NA,1,NA,NA,NA,FALSE,NA,NA,TRUE,NA,5,
SSS,12,2009,4/11/2009,308,J0392,101,1260,925,12.25,f,n,NA,NA,NA,NA,9,14,5,1,1,4,433,FALSE,3,1,TRUE,NA,NA,
SSS,5,2009,4/04/2009,94,U275,92.1,1152,NA,9.2,f,NA,NA,NA,NA,NA,NA,NA,NA,NA,NA,NA,NA,FALSE,NA,NA,FALSE,NA,NA,
SSS,5,2009,4/04/2009,94,U272,71.8,920,NA,4,m,NA,70,y,NA,NA,NA,NA,NA,1,NA,NA,NA,FALSE,NA,NA,FALSE,NA,NA,
SSS,5,2009,2/04/2009,92,U234,84,1059,NA,NA,m,NA,70,y,NA,NA,NA,NA,NA,1,NA,NA,NA,FALSE,NA,NA,FALSE,NA,NA,
SSS,5,2009,2/04/2009,92,U207,81.5,1031,NA,NA,m,NA,74,y,NA,NA,NA,NA,NA,1,NA,NA,NA,FALSE,NA,NA,FALSE,NA,NA,
SSS,5,2009,2/04/2009,92,U216,87.9,1104,NA,7.3,f,NA,NA,NA,NA,NA,NA,NA,NA,NA,NA,NA,NA,FALSE,NA,NA,FALSE,NA,NA,
SSS,5,2009,2/04/2009,92,U215,87.5,1099,NA,7.5,f,NA,NA,NA,NA,NA,NA,NA,NA,NA,NA,NA,NA,FALSE,NA,NA,FALSE,NA,NA,
SSS,5,2009,2/04/2009,92,U214,83,1048,NA,NA,m,NA,74,y,NA,NA,NA,NA,NA,1,NA,NA,NA,FALSE,NA,NA,FALSE,NA,NA,
SSS,5,2009,2/04/2009,92,U212,83,1048,NA,NA,m,NA,73,y,NA,NA,NA,NA,NA,1,NA,NA,NA,FALSE,NA,NA,FALSE,NA,NA,
SSS,5,2009,2/04/2009,92,U210,82.2,1039,NA,NA,m,NA,80,y,NA,NA,NA,NA,NA,1,NA,NA,NA,FALSE,NA,NA,FALSE,NA,NA,
SSS,5,2009,3/04/2009,93,U236,71,911,NA,4.6,m,NA,81,y,NA,NA,NA,NA,NA,1,NA,NA,NA,FALSE,NA,NA,FALSE,NA,NA,
SSS,5,2009,2/04/2009,92,U208,83.8,1057,NA,NA,m,NA,77,y,NA,NA,NA,NA,NA,1,NA,NA,NA,FALSE,NA,NA,FALSE,NA,NA,
SSS,5,2009,2/04/2009,92,U219,94.1,1175,NA,9.45,f,NA,NA,NA,NA,NA,NA,NA,NA,NA,NA,NA,NA,FALSE,NA,NA,FALSE,NA,NA,
SSS,5,2009,2/04/2009,92,U205,77.2,982,NA,NA,m,NA,76,y,NA,NA,NA,NA,NA,1,NA,NA,NA,FALSE,NA,NA,FALSE,NA,NA,
SSS,5,2009,2/04/2009,92,U204,84.5,1065,NA,NA,m,NA,75,y,NA,NA,NA,NA,NA,1,NA,NA,NA,FALSE,NA,NA,FALSE,NA,NA,
SSS,5,2009,2/04/2009,92,U203,77.6,986,NA,NA,m,NA,80,y,NA,NA,NA,NA,NA,1,NA,NA,NA,FALSE,NA,NA,FALSE,NA,NA,
SSS,5,2009,2/04/2009,92,U202,86.7,1090,NA,NA,m,NA,78,y,NA,NA,NA,NA,NA,1,NA,NA,NA,FALSE,NA,NA,FALSE,NA,NA,
SSS,5,2009,2/04/2009,92,U200,66,854,NA,NA,m,NA,29,n,NA,NA,NA,NA,NA,0,NA,NA,NA,FALSE,NA,NA,FALSE,NA,NA,
SSS,5,2009,3/04/2009,93,U253,66.1,855,NA,3.2,m,NA,18,n,NA,NA,NA,NA,NA,0,NA,NA,NA,FALSE,NA,NA,FALSE,NA,NA,
SSS,5,2009,2/04/2009,92,U209,79.3,1006,NA,NA,m,NA,74,y,NA,NA,NA,NA,NA,1,NA,NA,NA,FALSE,NA,NA,FALSE,NA,NA,
SSS,5,2009,2/04/2009,92,U225,80.7,1022,NA,6,m,NA,73,y,NA,NA,NA,NA,NA,1,NA,NA,NA,FALSE,NA,NA,FALSE,NA,NA,
SSS,5,2009,2/04/2009,92,U233,86.5,1088,NA,NA,f,NA,NA,NA,NA,NA,NA,NA,NA,NA,NA,NA,NA,FALSE,NA,NA,FALSE,NA,NA,
SSS,5,2009,2/04/2009,92,U232,82.5,1042,NA,NA,m,NA,74,y,NA,NA,NA,NA,NA,1,NA,NA,NA,FALSE,NA,NA,FALSE,NA,NA,
SSS,5,2009,2/04/2009,92,U231,89.2,1119,NA,NA,f,NA,NA,NA,NA,NA,NA,NA,NA,NA,NA,NA,NA,FALSE,NA,NA,FALSE,NA,NA,
SSS,5,2009,2/04/2009,92,U230,86.5,1088,NA,NA,f,NA,NA,NA,NA,NA,NA,NA,NA,NA,NA,NA,NA,FALSE,NA,NA,FALSE,NA,NA,
SSS,5,2009,2/04/2009,92,U229,82.9,1047,NA,6.7,f,NA,NA,NA,NA,NA,NA,NA,NA,NA,NA,NA,NA,FALSE,NA,NA,FALSE,NA,NA,
SSS,5,2009,2/04/2009,92,U228,91.2,1141,NA,8.85,f,NA,NA,NA,NA,NA,NA,NA,NA,NA,NA,NA,NA,FALSE,NA,NA,FALSE,NA,NA,
SSS,5,2009,2/04/2009,92,U217,94.3,1177,NA,9.3,f,NA,NA,NA,NA,NA,NA,NA,NA,NA,NA,NA,NA,FALSE,NA,NA,FALSE,NA,NA,
SSS,5,2009,2/04/2009,92,U226,86.1,1083,NA,7.65,f,NA,NA,NA,NA,NA,NA,NA,NA,NA,NA,NA,NA,FALSE,NA,NA,FALSE,NA,NA,
SSS,5,2009,2/04/2009,92,U218,92.9,1161,NA,9.05,f,NA,NA,NA,NA,NA,NA,NA,NA,NA,NA,NA,NA,FALSE,NA,NA,FALSE,NA,NA,
SSS,5,2009,2/04/2009,92,U224,76.5,974,NA,4.95,m,NA,77,y,NA,NA,NA,NA,NA,1,NA,NA,NA,FALSE,NA,NA,FALSE,NA,NA,
SSS,5,2009,2/04/2009,92,U223,86.5,1088,NA,7.6,f,NA,NA,NA,NA,NA,NA,NA,NA,NA,NA,NA,NA,FALSE,NA,NA,FALSE,NA,NA,
SSS,5,2009,2/04/2009,92,U222,76.5,974,NA,5.4,m,NA,75,y,NA,NA,NA,NA,NA,1,NA,NA,NA,FALSE,NA,NA,FALSE,NA,NA,
SSS,5,2009,2/04/2009,92,U221,80.1,1015,NA,6.5,m,NA,73,y,NA,NA,NA,NA,NA,1,NA,NA,NA,FALSE,NA,NA,FALSE,NA,NA,
SSS,5,2009,2/04/2009,92,U220,81.1,1026,NA,6.65,m,NA,78,y,NA,NA,NA,NA,NA,1,NA,NA,NA,FALSE,NA,NA,FALSE,NA,NA,
SSS,11,2009,27/10/2009,300,R0998,NA,1040,NA,NA,f,NA,NA,NA,NA,NA,NA,NA,NA,NA,NA,NA,NA,FALSE,NA,NA,FALSE,NA,NA,
SSS,5,2009,2/04/2009,92,U227,84.8,1069,NA,7.3,m,NA,76,y,NA,NA,NA,NA,NA,1,NA,NA,NA,FALSE,NA,NA,FALSE,NA,NA,
SSS,4,2009,31/03/2009,90,R0180,78,1000,NA,NA,f,NA,NA,NA,NA,NA,NA,NA,NA,NA,NA,NA,NA,FALSE,NA,NA,FALSE,NA,NA,
SSS,4,2009,31/03/2009,90,R0178,80,1020,NA,NA,m,NA,83,y,NA,NA,NA,NA,NA,1,NA,NA,NA,FALSE,NA,NA,FALSE,NA,NA,
SSS,8,2009,18/07/2009,199,355416,NA,1270,NA,NA,f,n,NA,NA,NA,NA,7,0,5,1,1,5,306.4,FALSE,3,2,TRUE,NA,NA,
SSS,4,2009,31/03/2009,90,R0175,64.2,837,NA,NA,m,n,31,n,NA,NA,NA,NA,NA,0,NA,NA,NA,FALSE,NA,NA,FALSE,NA,NA,
SSS,1,2010,14/12/2010,348,R1826,NA,550,NA,NA,f,p,NA,NA,NA,NA,NA,NA,NA,NA,NA,NA,NA,FALSE,NA,NA,FALSE,NA,0,
SSS,1,2008,15/12/2008,350,108209,82,1032,750,6.95,m,n,82,y,3,y,NA,NA,NA,1,NA,NA,NA,FALSE,NA,NA,TRUE,NA,6.083,
SSS,5,2009,14/04/2009,104,R0171,88,1110,NA,NA,f,NA,NA,NA,NA,NA,NA,NA,NA,NA,NA,NA,NA,FALSE,NA,NA,FALSE,NA,NA,
SSS,1,2008,15/12/2008,350,J0179,83,1050,NA,NA,m,n,75,y,NA,NA,NA,NA,NA,1,NA,NA,NA,FALSE,NA,NA,FALSE,NA,NA,
SSS,4,2009,24/03/2009,83,R0173,NA,1005,NA,NA,m,n,NA,y,NA,NA,NA,NA,NA,1,NA,NA,NA,FALSE,NA,NA,FALSE,NA,NA,
SSS,1,2008,15/12/2008,350,R0192,87,1080,NA,NA,m,n,83,y,NA,NA,NA,NA,NA,1,NA,NA,NA,FALSE,NA,NA,FALSE,NA,NA,
SSS,8,2009,14/07/2009,195,R0309,89,1090,NA,NA,f,n,NA,NA,NA,NA,NA,NA,NA,NA,NA,NA,NA,FALSE,NA,NA,FALSE,NA,NA,
SSS,8,2009,14/07/2009,195,R0310,80,1003,NA,NA,f,n,NA,NA,NA,NA,NA,NA,NA,NA,NA,NA,NA,FALSE,NA,NA,FALSE,NA,NA,
SSS,9,2009,13/08/2009,225,R0222,85,1040,NA,NA,m,n,81,y,NA,NA,NA,NA,NA,1,NA,NA,NA,FALSE,NA,NA,FALSE,NA,NA,
SSS,1,2008,19/12/2008,354,R0195,105,1256,NA,NA,f,NA,NA,NA,NA,NA,NA,NA,NA,NA,NA,NA,NA,FALSE,NA,NA,FALSE,NA,NA,
SSS,10,2009,22/09/2009,265,317282,75.2,954,679,4.6,m,n,72,y,2,n,NA,NA,NA,1,NA,NA,NA,FALSE,NA,NA,FALSE,NA,NA,
SSS,1,2010,14/12/2010,348,R1822,NA,545,NA,NA,m,p,NA,NA,NA,NA,NA,NA,NA,NA,NA,NA,NA,FALSE,NA,NA,FALSE,NA,0,
SSS,10,2009,10/09/2009,253,192090,66.3,840,600,2.95,m,n,22,n,1,n,NA,NA,NA,0,NA,NA,NA,FALSE,NA,NA,TRUE,NA,NA,
SSS,8,2009,18/07/2009,199,355402,89.5,1129,NA,NA,f,n,NA,NA,NA,NA,5,0,5,1,1,2,265.5,FALSE,1,1,FALSE,NA,NA,
SSS,8,2009,18/07/2009,199,355403,104,1300,950,NA,f,n,NA,NA,NA,NA,5,0,5,1,1,4,278.5,FALSE,1,1,TRUE,NA,13.667,
SSS,1,2008,15/12/2008,350,R0158,87,1110,NA,NA,m,n,85,y,NA,NA,NA,NA,NA,1,NA,NA,NA,FALSE,NA,NA,FALSE,NA,NA,
SSS,4,2009,31/03/2009,90,R0190,85,1040,NA,NA,m,NA,80,y,NA,NA,NA,NA,NA,1,NA,NA,NA,FALSE,NA,NA,FALSE,NA,NA,
SSS,1,2008,15/12/2008,350,J0177,89,1070,NA,NA,m,NA,85,y,NA,NA,NA,NA,NA,1,NA,NA,NA,FALSE,NA,NA,FALSE,NA,NA,
SSS,8,2009,18/07/2009,199,355405,NA,1105,NA,NA,f,n,NA,NA,NA,NA,6,0,5,1,1,2,330.5,FALSE,1,1,TRUE,NA,4.667,
SSS,8,2009,18/07/2009,199,355406,NA,1032,NA,NA,f,NA,NA,NA,NA,NA,NA,NA,NA,NA,NA,NA,NA,FALSE,NA,NA,FALSE,NA,NA,
SSS,1,2008,15/12/2008,350,108207,78.2,980,708,4.95,m,n,75,y,3,y,NA,NA,NA,1,NA,NA,NA,FALSE,NA,NA,TRUE,NA,3.083,
SSS,1,2008,15/12/2008,350,R0157,81,1090,NA,NA,m,n,80,y,NA,NA,NA,NA,NA,1,NA,NA,NA,FALSE,NA,NA,FALSE,NA,NA,
SSS,11,2009,8/10/2009,281,R0913,81,1030,NA,NA,m,n,80,y,NA,NA,NA,NA,NA,1,NA,NA,NA,FALSE,NA,NA,FALSE,NA,NA,
SSS,5,2009,18/04/2009,108,231625,87,1120,800,NA,m,NA,100,y,NA,NA,NA,NA,NA,1,NA,NA,NA,FALSE,NA,NA,TRUE,NA,4.417,
SSS,1,2008,19/12/2008,354,R0196,100,1274,NA,NA,f,n,NA,NA,NA,NA,NA,NA,NA,NA,NA,NA,NA,FALSE,NA,NA,FALSE,NA,NA,
SSS,11,2009,27/10/2009,300,R0997,100,1230,NA,NA,f,NA,NA,NA,NA,NA,NA,NA,NA,NA,NA,NA,NA,FALSE,NA,NA,FALSE,NA,NA,
SSS,5,2009,18/04/2009,108,231635,79,1020,NA,NA,m,NA,85,y,NA,NA,NA,NA,NA,1,NA,NA,NA,FALSE,NA,NA,TRUE,NA,2.417,
SSS,5,2009,18/04/2009,108,231634,88,1060,760,NA,m,NA,85,y,NA,NA,NA,NA,NA,1,NA,NA,NA,FALSE,NA,NA,TRUE,NA,NA,
SSS,5,2009,18/04/2009,108,231633,81,1120,800,NA,m,NA,94,y,NA,NA,NA,NA,NA,1,NA,NA,NA,FALSE,NA,NA,TRUE,NA,4.417,
SSS,5,2009,18/04/2009,108,231632,88,1110,800,NA,m,NA,82,y,NA,NA,NA,NA,NA,1,NA,NA,NA,FALSE,NA,NA,TRUE,NA,4.417,
SSS,5,2009,18/04/2009,108,231631,81,1040,750,NA,m,NA,80,y,NA,NA,NA,NA,NA,1,NA,NA,NA,FALSE,NA,NA,TRUE,NA,3.417,
SSS,5,2009,18/04/2009,108,231629,74.5,990,NA,NA,f,NA,NA,NA,NA,NA,NA,NA,NA,NA,NA,NA,NA,FALSE,NA,NA,TRUE,NA,2.417,
SSS,11,2009,16/10/2009,289,272708,60.5,784,550,2.35,f,n,NA,NA,NA,NA,NA,NA,1,0,0,NA,NA,FALSE,NA,NA,FALSE,NA,0.917,
SSS,5,2009,18/04/2009,108,231627,81.5,1070,NA,NA,m,NA,80,y,NA,NA,NA,NA,NA,1,NA,NA,NA,FALSE,NA,NA,TRUE,NA,3.417,
SSS,10,2009,10/09/2009,253,R0476,84,1060,NA,NA,m,n,75,y,NA,NA,NA,NA,NA,1,NA,NA,NA,FALSE,NA,NA,FALSE,NA,NA,
SSS,5,2009,18/04/2009,108,231624,80,1030,730,NA,m,NA,96,y,NA,NA,NA,NA,NA,1,NA,NA,NA,FALSE,NA,NA,TRUE,NA,2.417,
SSS,5,2009,18/04/2009,108,231623,76,985,NA,NA,f,NA,NA,NA,NA,NA,NA,NA,NA,NA,NA,NA,NA,FALSE,NA,NA,TRUE,NA,2.417,
SSS,10,2009,10/09/2009,253,R0480,83,1040,NA,NA,m,n,80,y,NA,NA,NA,NA,NA,1,NA,NA,NA,FALSE,NA,NA,FALSE,NA,NA,
SSS,10,2009,10/09/2009,253,R0451,81,960,NA,NA,m,n,75,y,NA,NA,NA,NA,NA,1,NA,NA,NA,FALSE,NA,NA,FALSE,NA,NA,
SSS,10,2009,10/09/2009,253,R0452,84.5,1075,NA,NA,m,n,75,y,NA,NA,NA,NA,NA,1,NA,NA,NA,FALSE,NA,NA,FALSE,NA,NA,
SSS,5,2009,18/04/2009,108,231618,72,950,NA,NA,m,NA,NA,NA,NA,NA,NA,NA,NA,NA,NA,NA,NA,FALSE,NA,NA,TRUE,NA,2.417,
SSS,5,2009,18/04/2009,108,231612,47,620,421,NA,m,NA,14,n,NA,NA,NA,NA,NA,0,NA,NA,NA,FALSE,NA,NA,TRUE,NA,0.417,
SSS,5,2009,18/04/2009,108,231607,62,810,NA,NA,m,NA,NA,NA,NA,NA,NA,NA,NA,NA,NA,NA,NA,FALSE,NA,NA,TRUE,NA,1.417,
SSS,10,2009,10/09/2009,253,R0453,88.5,1090,NA,NA,m,n,82,y,NA,NA,NA,NA,NA,1,NA,NA,NA,FALSE,NA,NA,FALSE,NA,NA,
SSS,10,2009,10/09/2009,253,R0479,NA,1230,NA,NA,f,NA,NA,NA,NA,NA,NA,NA,NA,NA,NA,NA,NA,FALSE,NA,NA,FALSE,NA,NA,
SSS,10,2009,22/09/2009,265,R0463,85,1000,NA,NA,m,n,81,y,NA,NA,NA,NA,NA,1,NA,NA,NA,FALSE,NA,NA,FALSE,NA,NA,
SSS,8,2009,18/07/2009,199,U413,96,1196,NA,NA,f,NA,NA,NA,NA,NA,NA,NA,NA,NA,NA,NA,NA,FALSE,NA,NA,FALSE,NA,NA,
SSS,11,2009,8/10/2009,281,J0478,98,1270,NA,NA,f,n,NA,NA,NA,NA,NA,NA,NA,NA,NA,NA,NA,FALSE,NA,NA,FALSE,NA,NA,
SSS,10,2009,22/09/2009,265,R0454,78,990,NA,NA,m,n,80,y,NA,NA,NA,NA,NA,1,NA,NA,NA,FALSE,NA,NA,FALSE,NA,NA,
SSS,10,2009,22/09/2009,265,R0455,78,990,NA,NA,m,n,75,y,NA,NA,NA,NA,NA,1,NA,NA,NA,FALSE,NA,NA,FALSE,NA,NA,
SSS,10,2009,22/09/2009,265,R0457,85,1080,NA,NA,m,n,75,y,NA,NA,NA,NA,NA,1,NA,NA,NA,FALSE,NA,NA,FALSE,NA,NA,
SSS,10,2009,22/09/2009,265,R0458,80,1020,NA,NA,m,n,77,y,NA,NA,NA,NA,NA,1,NA,NA,NA,FALSE,NA,NA,FALSE,NA,NA,
SSS,10,2009,22/09/2009,265,R0459,69,910,NA,NA,m,n,42,n,NA,NA,NA,NA,NA,0,NA,NA,NA,FALSE,NA,NA,FALSE,NA,NA,
SSS,10,2009,22/09/2009,265,R0461,82,1050,NA,NA,m,n,72,y,NA,NA,NA,NA,NA,1,NA,NA,NA,FALSE,NA,NA,FALSE,NA,NA,
SSS,10,2009,10/09/2009,253,R0477,81,1025,NA,NA,m,n,82,y,NA,NA,NA,NA,NA,1,NA,NA,NA,FALSE,NA,NA,FALSE,NA,NA,
SSS,10,2009,22/09/2009,265,R0462,82,995,NA,NA,m,n,83,y,NA,NA,NA,NA,NA,1,NA,NA,NA,FALSE,NA,NA,FALSE,NA,NA,
SSS,11,2009,8/10/2009,281,R0912,80.5,1010,NA,NA,f,n,NA,NA,NA,NA,NA,NA,NA,NA,NA,NA,NA,FALSE,NA,NA,FALSE,NA,NA,
SSS,10,2009,22/09/2009,265,R0464,86,1050,NA,NA,m,n,86,y,NA,NA,NA,NA,NA,1,NA,NA,NA,FALSE,NA,NA,FALSE,NA,NA,
SSS,10,2009,22/09/2009,265,R0465,80,999,NA,NA,m,n,78,y,NA,NA,NA,NA,NA,1,NA,NA,NA,FALSE,NA,NA,FALSE,NA,NA,
SSS,10,2009,22/09/2009,265,U14451,78.8,1015,NA,NA,m,n,72,y,NA,NA,NA,NA,NA,1,NA,NA,NA,FALSE,NA,NA,FALSE,NA,NA,
SSS,10,2009,22/09/2009,265,U14452,75,1047,NA,NA,m,n,81,y,NA,NA,NA,NA,NA,1,NA,NA,NA,FALSE,NA,NA,FALSE,NA,NA,
SSS,10,2009,9/09/2009,252,R0486,88,1100,NA,NA,m,n,84,y,NA,NA,NA,NA,NA,1,NA,NA,NA,FALSE,NA,NA,FALSE,NA,NA,
SSS,10,2009,9/09/2009,252,R0487,98,1220,NA,NA,f,n,NA,NA,NA,NA,NA,NA,NA,NA,NA,NA,NA,FALSE,NA,NA,FALSE,NA,NA,
SSS,10,2009,10/09/2009,253,R0473,83,1075,NA,NA,m,n,72,y,NA,NA,NA,NA,NA,1,NA,NA,NA,FALSE,NA,NA,FALSE,NA,NA,
SSS,10,2009,10/09/2009,253,R0474,78.5,1010,NA,NA,f,NA,NA,NA,NA,NA,NA,NA,NA,NA,NA,NA,NA,FALSE,NA,NA,FALSE,NA,NA,
SSS,10,2009,10/09/2009,253,R0475,77.5,995,NA,NA,m,NA,NA,y,NA,NA,NA,NA,NA,1,NA,NA,NA,FALSE,NA,NA,FALSE,NA,NA,
SSS,10,2009,22/09/2009,265,U14446,77.5,974,NA,NA,m,n,71,y,NA,NA,NA,NA,NA,1,NA,NA,NA,FALSE,NA,NA,FALSE,NA,NA,
SSS,6,2009,21/05/2009,141,R0038,91.6,1157,838,8.8,f,n,NA,NA,NA,NA,6,0,5,1,1,4,177,FALSE,2,2,TRUE,NA,7.5,
SSS,1,2008,1/12/2008,336,R0135,85,1040,NA,NA,f,n,NA,NA,NA,NA,NA,NA,NA,NA,NA,NA,NA,FALSE,NA,NA,FALSE,NA,NA,
SSS,4,2009,31/03/2009,90,R0843,103.8,1310,NA,NA,f,NA,NA,NA,NA,NA,NA,NA,NA,NA,NA,NA,NA,FALSE,NA,NA,FALSE,NA,NA,
SSS,1,2008,2/12/2008,337,R0136,72,880,NA,NA,f,n,NA,NA,NA,NA,NA,NA,NA,NA,NA,NA,NA,FALSE,NA,NA,FALSE,NA,NA,
SSS,5,2009,2/04/2009,92,R0844,83,965,750,NA,f,NA,NA,NA,NA,NA,NA,NA,NA,NA,NA,NA,NA,FALSE,NA,NA,FALSE,NA,NA,
SSS,5,2009,14/04/2009,104,R0872,84,1070,770,NA,f,NA,NA,NA,NA,NA,NA,NA,NA,NA,NA,NA,NA,FALSE,NA,NA,FALSE,NA,NA,
SSS,5,2009,14/04/2009,104,R0873,83.2,1040,750,NA,f,NA,NA,NA,NA,NA,NA,NA,NA,NA,NA,NA,NA,FALSE,NA,NA,FALSE,NA,NA,
SSS,8,2009,18/07/2009,199,355401,87.3,1119,796,NA,f,n,NA,NA,NA,NA,5,0,5,1,1,3,292.3,FALSE,2,1,FALSE,NA,NA,
SSS,7,2009,15/06/2009,166,R0306,86,1100,NA,NA,m,n,76,y,NA,NA,NA,NA,NA,1,NA,NA,NA,FALSE,NA,NA,FALSE,NA,NA,
SSS,5,2009,28/04/2009,118,345398,87.6,1091,790,8.35,f,n,NA,NA,NA,NA,5,0,5,1,1,4,127,FALSE,2,2,TRUE,NA,5.417,
SSS,5,2009,14/04/2009,104,R0870,99,1240,880,NA,f,NA,NA,NA,NA,NA,NA,NA,NA,NA,NA,NA,NA,FALSE,NA,NA,FALSE,NA,NA,
SSS,5,2009,14/04/2009,104,R0878,80.7,1030,730,NA,f,NA,NA,NA,NA,NA,NA,NA,NA,NA,NA,NA,NA,FALSE,NA,NA,FALSE,NA,NA,
SSS,5,2009,24/04/2009,114,R0875,82,1062,740,NA,m,NA,NA,y,NA,NA,NA,NA,NA,1,NA,NA,NA,FALSE,NA,NA,FALSE,NA,NA,
SSS,6,2009,15/05/2009,135,228208,48,634,433,NA,f,n,NA,NA,NA,NA,NA,NA,1,0,0,NA,NA,FALSE,NA,NA,TRUE,NA,0.5,
SSS,8,2011,20/07/2011,201,J1161,79,1025,NA,4.9,m,n,85,y,NA,NA,NA,NA,NA,1,NA,NA,NA,FALSE,NA,NA,TRUE,NA,NA,
SSS,12,2008,26/11/2008,331,J0043,99,1224,905,10.95,f,n,NA,NA,NA,NA,7,NA,5,1,1,2,400.5,FALSE,NA,NA,TRUE,NA,12,
SSS,6,2009,17/05/2009,137,228231,85,1090,768,NA,m,n,79,y,1,p,NA,NA,NA,1,NA,NA,NA,FALSE,NA,NA,TRUE,NA,5.5,
SSS,12,2008,26/11/2008,331,362117,99.5,1260,915,14.45,f,n,NA,NA,NA,NA,10,NA,5,1,1,6,480.8,FALSE,4,2,TRUE,NA,9,
SSS,1,2008,1/12/2008,336,R0134,93.1,1201,NA,NA,f,n,NA,NA,NA,NA,NA,NA,NA,NA,NA,NA,NA,FALSE,NA,NA,FALSE,NA,NA,
SSS,6,2009,16/05/2009,136,U379,78,991,NA,NA,m,NA,75,y,NA,NA,NA,NA,NA,1,NA,NA,NA,FALSE,NA,NA,FALSE,NA,NA,
SSS,7,2009,17/06/2009,168,R0307,81.5,1040,NA,NA,f,n,NA,NA,NA,NA,NA,NA,NA,NA,NA,NA,NA,FALSE,NA,NA,FALSE,NA,NA,
SSS,7,2009,30/06/2009,181,362139,90,1049,825,9.25,f,NA,NA,NA,NA,NA,6,0,5,1,1,3,251.3,FALSE,2,1,TRUE,NA,4.583,
SSS,7,2009,15/06/2009,166,R0305,82,1020,NA,NA,m,n,78,y,NA,NA,NA,NA,NA,1,NA,NA,NA,FALSE,NA,NA,FALSE,NA,NA,
SSS,1,2008,15/12/2008,350,J0198,84,1060,NA,NA,f,n,NA,NA,NA,NA,NA,NA,NA,NA,NA,NA,NA,FALSE,NA,NA,FALSE,NA,NA,
SSS,1,2008,15/12/2008,350,R0155,73,910,NA,NA,m,n,65,y,NA,NA,NA,NA,NA,1,NA,NA,NA,FALSE,NA,NA,FALSE,NA,NA,
SSS,5,2009,30/04/2009,120,R0303,94,1130,NA,NA,f,NA,NA,NA,NA,NA,NA,NA,NA,NA,NA,NA,NA,FALSE,NA,NA,FALSE,NA,NA,
SSS,5,2009,28/04/2009,118,R0313,NA,1050,NA,NA,m,n,82,y,NA,NA,NA,NA,NA,1,NA,NA,NA,FALSE,NA,NA,FALSE,NA,NA,
SSS,7,2009,26/06/2009,177,R0096,82.2,1054,NA,5.65,f,n,NA,NA,NA,NA,7,0,3,1,0,NA,NA,FALSE,NA,NA,TRUE,NA,4.583,
SSS,7,2009,30/06/2009,181,J0413,95,1190,850,NA,f,NA,NA,NA,NA,NA,NA,NA,NA,NA,NA,NA,NA,FALSE,NA,NA,FALSE,NA,NA,
SSS,1,2008,15/12/2008,350,R0154,84,1020,NA,NA,m,n,72,y,NA,NA,NA,NA,NA,1,NA,NA,NA,FALSE,NA,NA,FALSE,NA,NA,
SSS,7,2009,30/06/2009,181,R0861,87,1060,750,NA,f,NA,NA,NA,NA,NA,NA,NA,NA,NA,NA,NA,NA,FALSE,NA,NA,FALSE,NA,NA,
SSS,7,2009,30/06/2009,181,J0020,89.9,1039,825,6.8,f,NA,NA,NA,NA,NA,4,0,3,1,0,NA,NA,FALSE,NA,NA,TRUE,NA,4.583,
SSS,8,2009,1/07/2009,182,R0846,83,980,NA,NA,f,NA,NA,NA,NA,NA,NA,NA,NA,NA,NA,NA,NA,FALSE,NA,NA,FALSE,NA,NA,
SSS,5,2009,28/04/2009,118,R0315,88,1110,790,NA,f,NA,NA,NA,NA,NA,NA,NA,NA,NA,NA,NA,NA,FALSE,NA,NA,FALSE,NA,NA,
SSS,1,2008,15/12/2008,350,R0014,77,960,NA,NA,m,n,80,y,NA,NA,NA,NA,NA,1,NA,NA,NA,FALSE,NA,NA,FALSE,NA,NA,
SSS,1,2008,15/12/2008,350,R0139,78,990,NA,NA,m,n,76,y,NA,NA,NA,NA,NA,1,NA,NA,NA,FALSE,NA,NA,FALSE,NA,NA,
SSS,8,2009,18/07/2009,199,U393,90.5,1133,NA,NA,f,NA,NA,NA,NA,NA,NA,NA,NA,NA,NA,NA,NA,FALSE,NA,NA,FALSE,NA,NA,
SSS,8,2009,18/07/2009,199,U399,96.6,1203,NA,NA,f,NA,NA,NA,NA,NA,NA,NA,NA,NA,NA,NA,NA,FALSE,NA,NA,FALSE,NA,NA,
SSS,8,2009,18/07/2009,199,U400,96.8,1205,NA,NA,f,NA,NA,NA,NA,NA,NA,NA,5,1,1,NA,NA,FALSE,NA,NA,FALSE,NA,NA,
SSS,8,2009,18/07/2009,199,U402,76.7,976,NA,NA,f,NA,NA,NA,NA,NA,NA,NA,NA,NA,NA,NA,NA,FALSE,NA,NA,FALSE,NA,NA,
SSS,8,2009,18/07/2009,199,U404,90,1128,NA,NA,m,NA,86,y,NA,NA,NA,NA,NA,1,NA,NA,NA,FALSE,NA,NA,FALSE,NA,NA,
SSS,1,2008,15/12/2008,350,108186,74.8,956,680,4.2,f,n,NA,NA,NA,NA,5,0,3,1,0,NA,NA,FALSE,NA,NA,TRUE,NA,2.083,
SSS,8,2009,18/07/2009,199,U407,90,1128,NA,NA,f,NA,NA,NA,NA,NA,NA,NA,5,1,1,NA,NA,FALSE,NA,NA,FALSE,NA,NA,
SSS,1,2008,15/12/2008,350,108185,70.5,920,640,3.6,f,n,NA,NA,NA,NA,NA,NA,1,0,0,NA,NA,FALSE,NA,NA,TRUE,NA,2.083,
SSS,8,2009,18/07/2009,199,U409,83,1048,NA,NA,m,NA,82,y,NA,NA,NA,NA,NA,1,NA,NA,NA,FALSE,NA,NA,FALSE,NA,NA,
SSS,8,2009,2/07/2009,183,J0408,98,1200,860,NA,f,NA,NA,NA,NA,NA,NA,NA,NA,NA,NA,NA,NA,FALSE,NA,NA,FALSE,NA,NA,
SSS,6,2009,20/05/2009,140,J0208,81.5,980,725,NA,m,NA,NA,y,NA,NA,NA,NA,NA,1,NA,NA,NA,FALSE,NA,NA,FALSE,NA,NA,
SSS,10,2009,10/09/2009,253,R0478,76,976,NA,NA,f,n,NA,NA,NA,NA,NA,NA,NA,NA,NA,NA,NA,FALSE,NA,NA,FALSE,NA,NA,
SSS,1,2008,15/12/2008,350,J0182,86,1070,NA,NA,f,n,NA,NA,NA,NA,NA,NA,NA,NA,NA,NA,NA,FALSE,NA,NA,FALSE,NA,NA,
SSS,5,2009,24/04/2009,114,R0876,82,1045,740,NA,m,NA,NA,y,NA,NA,NA,NA,NA,1,NA,NA,NA,FALSE,NA,NA,FALSE,NA,NA,
SSS,5,2009,24/04/2009,114,R0877,86,1067,780,NA,f,NA,NA,NA,NA,NA,NA,NA,NA,NA,NA,NA,NA,FALSE,NA,NA,FALSE,NA,NA,
SSS,2,2009,8/01/2009,8,R0164,77.6,970,NA,NA,m,n,80,y,NA,NA,NA,NA,NA,1,NA,NA,NA,FALSE,NA,NA,FALSE,NA,NA,
SSS,5,2009,28/04/2009,118,R0682,98,1240,NA,NA,f,NA,NA,NA,NA,NA,NA,NA,NA,NA,NA,NA,NA,FALSE,NA,NA,FALSE,NA,NA,
SSS,5,2009,28/04/2009,118,R0881,90,1120,830,NA,f,NA,NA,NA,NA,NA,NA,NA,NA,NA,NA,NA,NA,FALSE,NA,NA,FALSE,NA,NA,
SSS,5,2009,28/04/2009,118,R0888,96,1180,870,NA,f,NA,NA,NA,NA,NA,NA,NA,NA,NA,NA,NA,NA,FALSE,NA,NA,FALSE,NA,NA,
SSS,1,2008,15/12/2008,350,R0140,57,745,NA,NA,m,n,17,n,NA,NA,NA,NA,NA,0,NA,NA,NA,FALSE,NA,NA,FALSE,NA,NA,
SSS,5,2009,30/04/2009,120,R0322,87,1070,790,NA,f,NA,NA,NA,NA,NA,NA,NA,NA,NA,NA,NA,NA,FALSE,NA,NA,FALSE,NA,NA,
SSS,1,2008,1/12/2008,336,357244,69.5,910,625,3.5,f,n,NA,NA,NA,NA,NA,NA,1,0,0,NA,NA,FALSE,NA,NA,TRUE,NA,2.083,
SSS,2,2009,8/01/2009,8,J0260,100,1250,NA,NA,f,NA,NA,NA,NA,NA,NA,NA,NA,NA,NA,NA,NA,FALSE,NA,NA,FALSE,NA,NA,
SSS,2,2009,8/01/2009,8,J0257,90,1100,NA,NA,f,NA,NA,NA,NA,NA,NA,NA,NA,NA,NA,NA,NA,FALSE,NA,NA,FALSE,NA,NA,
SSS,2,2009,8/01/2009,8,J0258,91,1100,NA,NA,m,n,82,y,NA,NA,NA,NA,NA,1,NA,NA,NA,FALSE,NA,NA,FALSE,NA,NA,
SSS,1,2008,15/12/2008,350,354741,77,972,698,5.5,m,n,80,y,3,y,NA,NA,NA,1,NA,NA,NA,FALSE,NA,NA,TRUE,NA,3.083,
SSS,1,2008,15/12/2008,350,R0152,86,1010,NA,NA,m,n,81,y,NA,NA,NA,NA,NA,1,NA,NA,NA,FALSE,NA,NA,FALSE,NA,NA,
SSS,6,2009,20/05/2009,140,J0368,104,1250,900,NA,f,NA,NA,NA,NA,NA,NA,NA,NA,NA,NA,NA,NA,FALSE,NA,NA,FALSE,NA,NA,
SSS,1,2008,15/12/2008,350,R0153,84,1020,NA,NA,m,n,83,y,NA,NA,NA,NA,NA,1,NA,NA,NA,FALSE,NA,NA,FALSE,NA,NA,
SSS,7,2009,23/06/2009,174,R0884,80,1060,740,NA,f,NA,NA,NA,NA,NA,NA,NA,NA,NA,NA,NA,NA,FALSE,NA,NA,FALSE,NA,NA,
SSS,7,2009,23/06/2009,174,R0885,81,1060,725,NA,f,NA,NA,NA,NA,NA,NA,NA,NA,NA,NA,NA,NA,FALSE,NA,NA,FALSE,NA,NA,
SSS,5,2009,30/04/2009,120,J0355,100,1180,890,NA,f,NA,NA,NA,NA,NA,NA,NA,NA,NA,NA,NA,NA,FALSE,NA,NA,FALSE,NA,NA,
SSS,5,2009,NA,NA,345399,85,1093,772,6.55,f,n,NA,NA,NA,NA,11,1,5,1,1,3,NA,FALSE,NA,NA,TRUE,NA,3.417,
SSS,10,2009,22/09/2009,265,317277,76.4,965,695,5.55,m,n,75,y,2,NA,NA,NA,NA,1,NA,NA,NA,FALSE,NA,NA,FALSE,NA,NA,
SSS,10,2009,22/09/2009,265,317278,76,962,685,5.45,m,n,75,y,2,n,NA,NA,NA,1,NA,NA,NA,FALSE,NA,NA,FALSE,NA,NA,
SSS,10,2009,22/09/2009,265,317279,79,999,720,6.05,m,n,82,y,2,n,NA,NA,NA,1,NA,NA,NA,FALSE,NA,NA,FALSE,NA,NA,
SSS,10,2009,22/09/2009,265,317280,83,1042,758,7,m,n,81,y,2,n,NA,NA,NA,1,NA,NA,NA,FALSE,NA,NA,TRUE,NA,6.833,
SSS,10,2009,22/09/2009,265,317281,81.8,1028,745,5.95,m,n,76,y,2,n,NA,NA,NA,1,NA,NA,NA,FALSE,NA,NA,TRUE,NA,4.833,
SSS,11,2009,8/10/2009,281,R0920,82,1040,NA,NA,m,n,65,y,NA,NA,NA,NA,NA,1,NA,NA,NA,FALSE,NA,NA,FALSE,NA,NA,
SSS,10,2009,22/09/2009,265,R0904,90.6,1136,NA,NA,f,NA,NA,NA,NA,NA,NA,NA,NA,NA,NA,NA,NA,FALSE,NA,NA,FALSE,NA,NA,
SSS,11,2009,8/10/2009,281,R0915,80.5,1030,NA,NA,m,n,80,y,NA,NA,NA,NA,NA,1,NA,NA,NA,FALSE,NA,NA,FALSE,NA,NA,
SSS,5,2009,5/04/2009,95,108055,81.4,1054,745,NA,m,n,84,y,2,NA,NA,NA,NA,1,NA,NA,NA,FALSE,NA,NA,FALSE,NA,NA,
SSS,5,2009,5/04/2009,95,108056,81,1032,744,NA,m,n,76,y,2,NA,NA,NA,NA,1,NA,NA,NA,FALSE,NA,NA,FALSE,NA,NA,
SSS,11,2009,8/10/2009,281,R0916,80.5,1040,NA,NA,f,n,NA,NA,NA,NA,NA,NA,NA,NA,NA,NA,NA,FALSE,NA,NA,FALSE,NA,NA,
SSS,5,2009,5/04/2009,95,108058,82.4,1049,746,NA,m,n,74,y,2,NA,NA,NA,NA,1,NA,NA,NA,FALSE,NA,NA,FALSE,NA,NA,
SSS,11,2009,8/10/2009,281,R0917,88,1065,NA,NA,m,n,75,y,NA,NA,NA,NA,NA,1,NA,NA,NA,FALSE,NA,NA,FALSE,NA,NA,
SSS,11,2009,8/10/2009,281,R0918,98,1210,NA,NA,f,n,NA,NA,NA,NA,NA,NA,NA,NA,NA,NA,NA,FALSE,NA,NA,FALSE,NA,NA,
SSS,5,2009,5/04/2009,95,144199,70.5,913,635,NA,m,n,62,p,2,NA,NA,NA,NA,0,NA,NA,NA,FALSE,NA,NA,TRUE,NA,2.417,
SSS,10,2009,22/09/2009,265,R0466,87,1055,NA,NA,m,n,82,y,NA,NA,NA,NA,NA,1,NA,NA,NA,FALSE,NA,NA,FALSE,NA,NA,
SSS,10,2009,22/09/2009,265,U14466,85.7,1077,NA,NA,m,n,76,y,NA,NA,NA,NA,NA,1,NA,NA,NA,FALSE,NA,NA,FALSE,NA,NA,
SSS,10,2009,22/09/2009,265,U14455,76.7,980,NA,NA,m,n,75,y,NA,NA,NA,NA,NA,1,NA,NA,NA,FALSE,NA,NA,FALSE,NA,NA,
SSS,10,2009,22/09/2009,265,R0467,87,1060,NA,NA,m,n,80,y,NA,NA,NA,NA,NA,1,NA,NA,NA,FALSE,NA,NA,FALSE,NA,NA,
SSS,10,2009,22/09/2009,265,R0468,82,1030,NA,NA,m,n,NA,y,NA,NA,NA,NA,NA,1,NA,NA,NA,FALSE,NA,NA,FALSE,NA,NA,
SSS,10,2009,22/09/2009,265,R0469,83.5,1000,NA,NA,m,n,78,y,NA,NA,NA,NA,NA,1,NA,NA,NA,FALSE,NA,NA,FALSE,NA,NA,
SSS,10,2009,22/09/2009,265,R0470,87,1030,NA,NA,m,n,NA,y,NA,NA,NA,NA,NA,1,NA,NA,NA,FALSE,NA,NA,FALSE,NA,NA,
SSS,10,2009,22/09/2009,265,R0901,78.5,983,NA,NA,m,n,74,y,NA,NA,NA,NA,NA,1,NA,NA,NA,FALSE,NA,NA,FALSE,NA,NA,
SSS,10,2009,22/09/2009,265,U14462,84,1027,NA,NA,m,n,77,y,NA,NA,NA,NA,NA,1,NA,NA,NA,FALSE,NA,NA,FALSE,NA,NA,
SSS,10,2009,22/09/2009,265,U14463,73.7,938,NA,NA,m,n,66,y,NA,NA,NA,NA,NA,1,NA,NA,NA,FALSE,NA,NA,FALSE,NA,NA,
SSS,10,2009,22/09/2009,265,317272,77,980,NA,6.9,m,n,80,y,NA,NA,NA,NA,NA,1,NA,NA,NA,FALSE,NA,NA,FALSE,NA,NA,
SSS,5,2009,18/04/2009,108,U341,68,878,NA,NA,m,NA,30,n,NA,NA,NA,NA,NA,0,NA,NA,NA,FALSE,NA,NA,FALSE,NA,NA,
SSS,10,2009,22/09/2009,265,R0905,81.6,1057,NA,NA,f,NA,NA,NA,NA,NA,NA,NA,NA,NA,NA,NA,NA,FALSE,NA,NA,FALSE,NA,NA,
SSS,10,2009,22/09/2009,265,U14467,77.8,996,NA,NA,m,n,75,y,NA,NA,NA,NA,NA,1,NA,NA,NA,FALSE,NA,NA,FALSE,NA,NA,
SSS,10,2009,22/09/2009,265,U14468,76.3,972,NA,NA,m,n,72,y,NA,NA,NA,NA,NA,1,NA,NA,NA,FALSE,NA,NA,FALSE,NA,NA,
SSS,10,2009,22/09/2009,265,U14469,81.7,1034,NA,NA,m,n,71,y,NA,NA,NA,NA,NA,1,NA,NA,NA,FALSE,NA,NA,FALSE,NA,NA,
SSS,10,2009,22/09/2009,265,R0910,77,999,NA,NA,m,n,82,y,NA,NA,NA,NA,NA,1,NA,NA,NA,FALSE,NA,NA,FALSE,NA,NA,
SSS,9,2010,7/08/2010,219,132254,NA,1122,NA,NA,f,n,NA,NA,NA,NA,5,0,5,1,1,2,NA,FALSE,NA,NA,FALSE,NA,NA,
SSS,10,2009,22/09/2009,265,R0902,102.8,1271,NA,NA,f,NA,NA,NA,NA,NA,NA,NA,NA,NA,NA,NA,NA,FALSE,NA,NA,FALSE,NA,NA,
SSS,10,2009,22/09/2009,265,R0903,101.2,1283,NA,NA,f,NA,NA,NA,NA,NA,NA,NA,NA,NA,NA,NA,NA,FALSE,NA,NA,FALSE,NA,NA,
SSS,5,2009,4/04/2009,94,144201,NA,945,NA,NA,NA,NA,NA,NA,NA,NA,NA,NA,2,NA,NA,NA,NA,FALSE,NA,NA,TRUE,NA,1.417,
SSS,10,2009,22/09/2009,265,U14464,82.6,1065,NA,NA,m,n,72,y,NA,NA,NA,NA,NA,1,NA,NA,NA,FALSE,NA,NA,FALSE,NA,NA,
SSS,11,2009,27/10/2009,300,R0944,98,1200,NA,NA,f,NA,NA,NA,NA,NA,NA,NA,NA,NA,NA,NA,NA,FALSE,NA,NA,FALSE,NA,NA,
SSS,11,2009,2/10/2009,275,365173,59,760,530,NA,f,n,NA,NA,NA,NA,NA,NA,NA,NA,NA,NA,NA,FALSE,NA,NA,FALSE,NA,NA,
SSS,11,2009,16/10/2009,289,R0570,68,810,620,NA,f,NA,NA,NA,NA,NA,NA,NA,NA,NA,NA,NA,NA,FALSE,NA,NA,FALSE,NA,NA,
SSS,11,2009,16/10/2009,289,272709,71.7,921,650,3.75,f,n,NA,NA,NA,NA,NA,NA,1,0,0,NA,NA,FALSE,NA,NA,TRUE,NA,1.917,
SSS,11,2009,16/10/2009,289,272710,89,1137,815,9.2,f,n,NA,NA,NA,NA,7,0,5,1,1,4,398,FALSE,3,1,FALSE,NA,NA,
SSS,5,2009,4/04/2009,94,U292,70,900,NA,3.95,f,NA,NA,NA,NA,NA,NA,NA,2,0,0,NA,NA,FALSE,NA,NA,FALSE,NA,NA,
SSS,5,2009,5/04/2009,95,144200,65.5,846,590,NA,f,n,NA,NA,NA,NA,NA,NA,1,0,0,NA,NA,FALSE,NA,NA,TRUE,NA,1.417,
SSS,11,2009,27/10/2009,300,R0943,90,1180,NA,NA,f,n,NA,NA,NA,NA,NA,NA,NA,1,NA,NA,NA,FALSE,NA,NA,FALSE,NA,NA,
SSS,9,2010,6/08/2010,218,999068,NA,883,NA,NA,m,n,41,n,NA,NA,NA,NA,NA,0,NA,NA,NA,FALSE,NA,NA,FALSE,NA,NA,
SSS,11,2009,27/10/2009,300,R0946,85,1050,NA,NA,m,NA,76,y,NA,NA,NA,NA,NA,1,NA,NA,NA,FALSE,NA,NA,FALSE,NA,NA,
SSS,11,2009,27/10/2009,300,R0947,84,1040,NA,NA,m,NA,75,y,NA,NA,NA,NA,NA,1,NA,NA,NA,FALSE,NA,NA,FALSE,NA,NA,
SSS,11,2009,27/10/2009,300,R0949,76,950,NA,NA,m,NA,75,y,NA,NA,NA,NA,NA,1,NA,NA,NA,FALSE,NA,NA,FALSE,NA,NA,
SSS,11,2009,27/10/2009,300,R0948,87.5,1100,NA,NA,f,NA,NA,NA,NA,NA,NA,NA,NA,NA,NA,NA,NA,FALSE,NA,NA,FALSE,NA,NA,
SSS,11,2009,27/10/2009,300,R0991,85,1060,NA,NA,m,NA,86,y,NA,NA,NA,NA,NA,1,NA,NA,NA,FALSE,NA,NA,FALSE,NA,NA,
SSS,11,2009,27/10/2009,300,R0992,80.5,1030,NA,NA,m,NA,80,y,NA,NA,NA,NA,NA,1,NA,NA,NA,FALSE,NA,NA,FALSE,NA,NA,
SSS,11,2009,27/10/2009,300,R0993,72,925,NA,NA,m,n,78,p,NA,NA,NA,NA,NA,0,NA,NA,NA,FALSE,NA,NA,FALSE,NA,NA,
SSS,11,2009,27/10/2009,300,R0994,95,1085,NA,NA,f,NA,NA,NA,NA,NA,NA,NA,NA,NA,NA,NA,NA,FALSE,NA,NA,FALSE,NA,NA,
SSS,11,2009,27/10/2009,300,R0996,99,1230,NA,NA,f,NA,NA,NA,NA,NA,NA,NA,NA,NA,NA,NA,NA,FALSE,NA,NA,FALSE,NA,NA,
SSS,12,2008,30/11/2008,335,187698,86.5,1110,800,5.9,f,n,NA,NA,NA,NA,9,0,6,1,1,NA,NA,FALSE,NA,NA,TRUE,NA,4,
SSS,5,2009,4/04/2009,94,144207,NA,1069,NA,NA,f,n,NA,NA,NA,NA,24,1,5,1,1,2,97.5,FALSE,NA,NA,TRUE,NA,4.417,
SSS,5,2009,4/04/2009,94,144202,NA,845,NA,NA,f,n,NA,NA,NA,NA,NA,NA,1,0,0,NA,NA,FALSE,NA,NA,TRUE,NA,1.417,
SSS,5,2009,4/04/2009,94,144203,NA,1220,NA,NA,f,n,NA,NA,NA,NA,22,1,5,1,1,4,52,FALSE,NA,NA,TRUE,NA,5.417,
SSS,5,2009,4/04/2009,94,144204,NA,912,NA,NA,f,n,NA,NA,NA,NA,NA,NA,1,0,0,NA,NA,FALSE,NA,NA,TRUE,NA,2.417,
SSS,9,2010,7/08/2010,219,132253,NA,1213,867,NA,f,n,NA,NA,NA,NA,5,0,5,1,1,4,NA,FALSE,NA,NA,FALSE,NA,NA,
SSS,9,2010,7/08/2010,219,132252,49.6,649,447,NA,m,n,10,n,NA,NA,NA,NA,NA,0,NA,NA,NA,FALSE,NA,NA,TRUE,NA,0.75,
SSS,11,2009,8/10/2009,281,317275,86,1086,785,7.7,f,n,NA,NA,NA,NA,7,0,5,1,1,2,366,FALSE,1,1,TRUE,NA,4.917,
SSS,5,2009,4/04/2009,94,144208,63.2,824,569,NA,m,n,23,n,NA,NA,NA,NA,NA,0,NA,NA,NA,FALSE,NA,NA,FALSE,NA,NA,
SSS,11,2009,8/10/2009,281,R0943,83.4,1010,NA,NA,m,n,64,y,NA,NA,NA,NA,NA,1,NA,NA,NA,FALSE,NA,NA,FALSE,NA,NA,
SSS,11,2009,7/10/2009,280,317274,84,1060,765,6.85,f,n,NA,NA,NA,NA,6,0,5,1,1,2,389.5,FALSE,1,1,TRUE,NA,3.917,
SSS,11,2009,8/10/2009,281,317276,76.4,975,695,5.2,m,n,78,y,2,p,NA,NA,NA,1,NA,NA,NA,FALSE,NA,NA,TRUE,NA,2.917,
SSS,9,2010,7/08/2010,219,132251,53.4,707,480,NA,f,n,NA,NA,NA,NA,NA,NA,1,0,0,NA,NA,FALSE,NA,NA,TRUE,NA,0.75,
SSS,9,2010,6/08/2010,218,999071,NA,873,NA,NA,m,n,24,n,NA,NA,NA,NA,NA,0,NA,NA,NA,FALSE,NA,NA,FALSE,NA,NA,
SSS,9,2010,6/08/2010,218,999070,NA,928,NA,NA,m,n,58,n,NA,NA,NA,NA,NA,0,NA,NA,NA,FALSE,NA,NA,FALSE,NA,NA,
SSS,10,2009,22/09/2009,265,U14465,77.4,997,NA,NA,m,n,75,y,NA,NA,NA,NA,NA,1,NA,NA,NA,FALSE,NA,NA,FALSE,NA,NA,
SSS,10,2009,1/09/2009,244,R0848,103,1230,900,NA,f,NA,NA,NA,NA,NA,NA,NA,NA,NA,NA,NA,NA,FALSE,NA,NA,FALSE,NA,NA,
SSS,10,2009,1/09/2009,244,R0869,88,1090,760,NA,f,NA,NA,NA,NA,NA,NA,NA,NA,NA,NA,NA,NA,FALSE,NA,NA,FALSE,NA,NA,
SSS,5,2009,18/04/2009,108,U332,81.5,1050,NA,NA,f,NA,NA,NA,NA,NA,NA,NA,NA,NA,NA,NA,NA,FALSE,NA,NA,FALSE,NA,NA,
SSS,5,2009,18/04/2009,108,231565,84,1055,NA,NA,m,NA,NA,NA,NA,NA,NA,NA,NA,NA,NA,NA,NA,FALSE,NA,NA,TRUE,NA,NA,
SSS,10,2010,13/09/2010,256,114023,91.9,1155,836,9.2,f,NA,NA,NA,NA,NA,7,0,5,1,1,3,367.3,FALSE,1,2,TRUE,NA,NA,
SSS,10,2009,9/09/2009,252,362138,86.6,1098,795,8,f,n,NA,NA,NA,NA,6,0,5,1,1,2,288.5,FALSE,1,1,TRUE,NA,NA,
SSS,5,2009,18/04/2009,108,U331,83,1070,NA,NA,f,NA,NA,NA,NA,NA,NA,NA,NA,NA,NA,NA,NA,FALSE,NA,NA,FALSE,NA,NA,
SSS,5,2009,18/04/2009,108,U334,74,940,NA,NA,m,NA,NA,NA,NA,NA,NA,NA,NA,NA,NA,NA,NA,FALSE,NA,NA,FALSE,NA,NA,
SSS,5,2009,18/04/2009,108,U329,82,1065,NA,NA,f,NA,NA,NA,NA,NA,NA,NA,NA,NA,NA,NA,NA,FALSE,NA,NA,FALSE,NA,NA,
SSS,10,2009,1/09/2009,244,R0849,107,1300,940,NA,f,NA,NA,NA,NA,NA,NA,NA,NA,NA,NA,NA,NA,FALSE,NA,NA,FALSE,NA,NA,
SSS,10,2009,10/09/2009,253,192086,82.5,1041,749,6.4,m,n,77,y,2,p,NA,NA,NA,1,NA,NA,NA,FALSE,NA,NA,TRUE,NA,NA,
SSS,10,2009,1/09/2009,244,345397,89.8,1132,820,9,f,n,NA,NA,NA,NA,6,0,5,1,1,4,322.25,FALSE,3,1,TRUE,NA,NA,
SSS,10,2010,22/09/2010,265,R0482,101,1264,935,NA,f,n,NA,NA,NA,NA,7,0,5,1,1,4,NA,FALSE,NA,NA,TRUE,NA,NA,
SSS,5,2009,18/04/2009,108,U336,82,955,NA,NA,m,NA,89,y,NA,NA,NA,NA,NA,1,NA,NA,NA,FALSE,NA,NA,FALSE,NA,NA,
SSS,5,2009,18/04/2009,108,U330,79,1015,NA,NA,f,NA,NA,NA,NA,NA,NA,NA,NA,NA,NA,NA,NA,FALSE,NA,NA,FALSE,NA,NA,
SSS,5,2009,18/04/2009,108,U338,83.5,1045,765,NA,f,NA,NA,NA,NA,NA,NA,NA,NA,NA,NA,NA,NA,FALSE,NA,NA,FALSE,NA,NA,
SSS,10,2009,1/09/2009,244,R0847,NA,1145,820,10.05,f,n,NA,NA,NA,NA,5,0,5,1,1,3,362.67,FALSE,1,2,TRUE,NA,NA,
SSS,5,2009,18/04/2009,108,U339,80,1014,730,NA,m,NA,82,y,NA,NA,NA,NA,NA,1,NA,NA,NA,FALSE,NA,NA,TRUE,NA,NA,
SSS,5,2009,18/04/2009,108,U337,86,1085,NA,NA,m,NA,90,y,NA,NA,NA,NA,NA,1,NA,NA,NA,FALSE,NA,NA,FALSE,NA,NA,
SSS,10,2009,2/09/2009,245,R0868,96,1200,850,NA,f,NA,NA,NA,NA,NA,NA,NA,NA,NA,NA,NA,NA,FALSE,NA,NA,FALSE,NA,NA,
SSS,10,2009,10/09/2009,253,192089,76.2,970,689,5.1,m,n,72,y,2,n,NA,NA,NA,1,NA,NA,NA,FALSE,NA,NA,TRUE,NA,NA,
SSS,10,2009,2/09/2009,245,R0867,103,1240,900,NA,f,NA,NA,NA,NA,NA,NA,NA,NA,NA,NA,NA,NA,FALSE,NA,NA,FALSE,NA,NA,
SSS,10,2009,10/09/2009,253,192087,81.2,1039,730,5.9,f,n,NA,NA,NA,NA,5,0,5,1,1,2,260,FALSE,1,1,FALSE,NA,NA,
SSS,10,2009,22/09/2009,265,U14453,76.8,991,NA,NA,m,n,70,y,NA,NA,NA,NA,NA,1,NA,NA,NA,FALSE,NA,NA,FALSE,NA,NA,
SSS,10,2010,13/09/2010,256,114025,85,1064,775,6.85,f,n,NA,NA,NA,NA,5,0,5,1,1,2,342,FALSE,1,1,TRUE,NA,NA,
SSS,5,2009,18/04/2009,108,U340,82,1055,NA,NA,m,NA,90,y,NA,NA,NA,NA,NA,1,NA,NA,NA,FALSE,NA,NA,FALSE,NA,NA,
SSS,5,2009,18/04/2009,108,231548,65,830,585,NA,m,NA,25,n,NA,NA,NA,NA,NA,0,NA,NA,NA,FALSE,NA,NA,TRUE,NA,1.417,
SSS,10,2009,2/09/2009,245,R0552,95,1170,840,NA,f,NA,NA,NA,NA,NA,NA,NA,NA,NA,NA,NA,NA,FALSE,NA,NA,FALSE,NA,NA,
SSS,9,2010,7/08/2010,219,999073,NA,990,NA,NA,f,n,NA,NA,NA,NA,5,0,3,1,0,NA,NA,FALSE,NA,NA,TRUE,NA,NA,
SSS,3,2012,3/02/2012,34,U20145,40.5,540,360,NA,m,p,11,n,NA,NA,NA,NA,NA,0,NA,NA,NA,FALSE,NA,NA,FALSE,NA,0,
SSS,3,2012,3/02/2012,34,U20146,37.4,505,330,NA,f,y,NA,NA,NA,NA,NA,NA,NA,NA,NA,NA,NA,FALSE,NA,NA,FALSE,NA,0,
